"subj_idx","rt","response","rwdType","tgtPos","colPos","colMatch"
0,1.52278,0,2,1,3,1
0,0.78622,1,2,1,2,1
0,0.897935,1,2,2,1,1
0,0.973175,1,2,1,2,1
0,0.90246,1,2,2,3,1
0,0.93829,0,1,2,3,1
0,0.920375,1,1,3,2,1
0,0.750685,0,1,2,1,1
0,0.606595,1,2,3,2,1
0,0.95643,1,2,1,3,1
0,0.80205,1,1,3,1,1
0,0.76033,1,1,2,1,1
0,0.632505,1,2,3,2,1
0,0.76732,1,1,2,3,1
0,0.786755,1,1,1,2,1
0,0.81793,0,1,2,1,1
0,1.93948,1,2,1,3,1
0,0.777815,1,1,1,2,1
0,1.19913,1,1,2,1,1
0,1.107605,1,1,3,1,1
0,1.326155,1,2,1,2,1
0,0.854785,1,2,2,3,1
0,1.298515,1,1,2,3,1
0,0.97065,1,1,2,3,1
0,0.934885,1,2,3,2,1
0,0.68962,1,2,3,1,1
0,0.65226,1,2,1,2,1
0,0.93029,1,1,3,2,1
0,0.763105,1,1,1,2,1
0,0.732695,1,1,3,2,1
0,0.709,1,2,2,3,1
0,0.739455,1,2,3,2,1
0,0.845505,1,1,1,2,1
0,1.630045,1,1,1,3,1
0,0.983985,1,2,2,1,1
0,1.03018,1,1,3,1,1
0,0.64471,1,1,3,2,1
0,0.93329,1,1,1,3,1
0,0.614365,1,1,3,1,1
0,0.782635,1,1,1,3,1
0,1.16457,1,2,2,1,1
0,0.556355,1,2,3,1,1
0,1.28143,1,2,2,1,1
0,0.61529,1,1,1,3,1
0,1.810235,0,1,1,2,1
0,0.75276,1,2,3,2,1
0,0.63083,1,1,1,3,1
0,0.65387,1,2,3,1,1
0,0.79697,1,2,1,2,1
0,0.668175,1,1,3,1,1
0,0.62801,1,2,2,3,1
0,0.93938,0,1,2,3,1
0,0.843735,1,2,2,3,1
0,0.62754,1,2,1,3,1
0,0.695175,1,1,2,1,1
0,0.797215,1,2,1,3,1
0,0.75563,1,2,2,1,1
0,0.675755,1,1,3,2,1
0,0.667295,1,2,3,1,1
1,1.003925,1,2,1,2,1
1,1.005055,1,1,3,1,1
1,0.885585,1,2,3,1,1
1,1.07088,1,2,2,1,1
1,0.98445,1,2,2,1,1
1,0.936335,1,2,2,1,1
1,0.878205,1,2,3,2,1
1,0.805715,1,2,2,3,1
1,0.94849,1,1,2,3,1
1,0.91658,1,1,1,3,1
1,0.854945,1,1,1,3,1
1,0.92987,1,2,1,3,1
1,0.999675,1,2,1,2,1
1,0.96456,1,2,3,1,1
1,0.836275,1,2,2,1,1
1,0.730935,1,1,3,1,1
1,0.676645,1,1,3,1,1
1,0.710925,1,2,3,2,1
1,0.817055,1,2,1,2,1
1,0.87393,1,1,2,1,1
1,0.86357,1,1,2,1,1
1,0.915925,1,2,3,1,1
1,0.914195,1,1,1,2,1
1,0.748145,1,2,1,3,1
1,0.69401,1,2,2,3,1
1,0.71151,1,1,1,2,1
1,0.730215,1,1,1,2,1
1,0.80534,1,1,2,3,1
1,0.70381,1,1,3,2,1
1,0.606435,1,2,3,1,1
1,0.88411,1,1,2,1,1
1,0.67085,1,2,1,3,1
1,0.80063,1,1,2,3,1
1,0.54076,1,1,3,2,1
1,0.663905,1,2,1,3,1
1,0.622275,1,2,2,3,1
1,0.80923,1,1,3,2,1
1,0.75078,1,1,2,1,1
1,0.53381,1,1,3,1,1
1,0.88968,1,1,3,2,1
1,0.736795,1,1,2,1,1
1,0.7305,1,1,2,3,1
1,0.822785,1,2,2,1,1
1,0.87085,1,1,1,2,1
1,0.645785,1,1,3,2,1
1,0.67983,1,2,1,2,1
1,0.57675,1,2,3,2,1
1,0.58443,1,1,1,3,1
1,0.6529,1,1,1,3,1
1,0.88716,0,2,1,2,1
1,0.79109,1,2,2,3,1
1,0.690715,1,1,3,1,1
1,0.673795,1,2,3,1,1
1,0.71664,1,2,2,3,1
1,0.601905,1,2,3,2,1
1,0.714305,1,1,1,2,1
1,0.844065,1,2,1,3,1
1,1.186525,1,1,1,3,1
1,0.71585,1,1,2,3,1
1,0.635105,1,2,3,2,1
2,0.549,1,2,3,1,1
2,0.667,1,1,3,1,1
2,0.709,1,2,2,1,1
2,0.813,1,2,1,2,1
2,0.531,1,2,2,1,1
2,0.663,1,2,1,3,1
2,0.453,1,2,3,2,1
2,0.715,1,2,2,1,1
2,0.823,1,2,3,1,1
2,0.737,1,1,2,1,1
2,0.611,1,2,3,1,1
2,0.645,1,2,2,1,1
2,0.644,1,1,1,3,1
2,0.627,1,2,1,2,1
2,0.533,1,2,1,3,1
2,0.656,1,1,1,2,1
2,0.555,1,1,3,2,1
2,0.573,1,1,3,2,1
2,0.84,1,1,2,1,1
2,0.484,0,1,1,2,1
2,0.479,1,2,3,2,1
2,0.474,1,2,3,1,1
2,0.684,1,1,1,2,1
2,0.436,1,2,3,2,1
2,0.811,1,2,3,2,1
2,1.004,1,2,2,3,1
2,0.717,0,1,1,3,1
2,0.798,1,2,1,2,1
2,0.719,1,1,1,2,1
2,0.556,1,1,3,2,1
2,0.621,1,1,2,3,1
2,0.585,1,2,1,2,1
2,0.649,0,2,2,3,1
2,0.522,1,2,1,3,1
2,0.691,1,1,1,3,1
2,0.51,1,1,3,2,1
2,0.746,1,2,2,3,1
2,0.491,1,1,3,1,1
2,0.536,1,2,2,3,1
2,0.5,1,1,3,1,1
2,0.49,1,2,3,1,1
2,0.92,0,1,2,1,1
2,0.65,1,1,1,2,1
2,0.959,1,1,1,3,1
2,0.505,1,1,3,2,1
2,0.664,1,2,2,1,1
2,0.946,1,2,2,3,1
2,0.505,1,2,3,2,1
2,0.609,0,1,2,3,1
2,0.51,1,1,3,1,1
2,0.67,0,1,2,1,1
2,0.618,0,2,1,3,1
2,0.58,1,1,1,3,1
2,0.799,1,2,1,3,1
2,0.506,1,1,2,3,1
2,0.581,1,1,2,1,1
2,0.553,1,1,3,1,1
2,0.738,1,2,1,2,1
2,0.562,1,1,2,3,1
2,0.589,1,1,2,3,1
3,1.075,0,1,2,3,1
3,1.478,1,2,3,2,1
3,1.004,1,2,3,2,1
3,0.785,1,1,2,3,1
3,0.95,1,1,1,2,1
3,1.132,1,1,3,2,1
3,0.982,1,1,2,1,1
3,1.321,1,1,3,1,1
3,0.783,0,1,1,3,1
3,0.894,0,2,2,3,1
3,1.323,1,2,2,3,1
3,0.958,0,2,1,3,1
3,0.852,1,2,1,3,1
3,0.997,1,1,1,2,1
3,0.855,1,1,3,1,1
3,1.304,1,2,3,1,1
3,1.466,1,2,1,3,1
3,1.628,1,2,1,2,1
3,1.163,1,1,3,1,1
3,1.026,1,2,3,1,1
3,1.345,0,1,1,2,1
3,2.217,1,1,2,1,1
3,1.688,1,1,2,3,1
3,1.761,1,1,1,2,1
3,1.197,1,1,2,3,1
3,1.283,1,1,1,2,1
3,1.207,1,2,1,3,1
3,0.874,1,2,3,1,1
3,1.139,1,2,1,2,1
3,1.424,1,1,1,3,1
3,1.374,1,1,3,2,1
3,1.161,1,1,3,1,1
3,1.968,1,2,2,1,1
3,1.212,1,1,1,3,1
3,0.934,1,1,2,1,1
3,1.044,1,1,3,2,1
3,1.028,0,2,1,2,1
3,1.009,1,2,3,2,1
3,1.02,1,2,1,3,1
3,1.22,1,2,2,1,1
3,2.057,1,2,2,3,1
3,1.179,1,2,1,2,1
3,1.212,1,1,3,2,1
3,1.287,1,1,2,1,1
3,1.144,1,2,1,2,1
3,1.289,1,2,2,1,1
3,1.256,1,1,2,3,1
3,1.025,1,2,3,1,1
3,1.337,1,1,3,2,1
3,1.387,1,2,2,3,1
3,1.489,1,1,1,3,1
3,1.018,1,2,2,1,1
3,1.027,1,2,2,3,1
3,1.106,1,2,3,2,1
3,1.17,1,1,2,1,1
3,1.194,1,2,2,1,1
3,1.479,1,2,3,1,1
3,1.074,1,1,3,1,1
3,1.708,1,1,1,3,1
3,1.157,1,2,3,2,1
4,0.852,0,1,2,1,1
4,0.755,0,2,3,2,1
4,0.55,1,1,2,3,1
4,0.707,1,2,1,3,1
4,0.965,0,2,1,2,1
4,0.598,1,2,2,1,1
4,0.665,0,1,2,3,1
4,0.996,0,2,2,3,1
4,0.435,1,1,3,1,1
4,0.627,1,2,1,3,1
4,0.768,0,1,3,1,1
4,0.598,0,1,2,1,1
4,0.5,1,1,3,1,1
4,0.862,1,2,2,1,1
4,0.807,1,1,1,2,1
4,0.624,1,2,2,3,1
4,0.719,1,1,3,2,1
4,0.533,0,2,3,1,1
4,0.665,0,2,2,3,1
4,0.463,1,1,1,3,1
4,0.69,1,2,3,1,1
4,0.928,1,1,1,3,1
4,0.794,0,2,1,3,1
4,0.818,1,2,2,1,1
4,0.463,0,1,2,1,1
4,0.856,0,1,2,3,1
4,0.375,1,1,3,1,1
4,0.888,0,2,1,3,1
4,0.606,1,1,1,3,1
4,0.731,0,2,2,1,1
4,0.768,1,2,3,1,1
4,0.493,1,1,1,2,1
4,0.737,1,2,3,2,1
4,1.087,0,2,1,2,1
4,1.016,1,1,3,2,1
4,1.129,0,1,2,3,1
4,0.685,1,2,1,2,1
4,0.467,1,1,3,2,1
4,0.756,1,1,2,1,1
4,0.642,1,1,1,2,1
4,0.784,1,2,3,2,1
4,0.611,0,1,2,3,1
4,0.551,1,2,2,3,1
4,0.618,1,2,2,3,1
4,0.902,0,1,1,2,1
4,0.585,1,1,2,1,1
4,0.675,1,1,3,2,1
4,0.654,1,2,1,3,1
4,0.78,0,2,2,1,1
4,0.632,1,1,3,2,1
4,0.508,1,2,3,2,1
4,0.684,1,2,3,1,1
4,0.879,0,2,1,2,1
4,0.773,1,1,1,3,1
4,0.648,1,2,3,2,1
4,0.701,0,2,1,2,1
4,0.526,1,1,3,1,1
4,0.84,0,1,1,2,1
4,0.569,1,1,1,3,1
4,0.616,1,2,3,1,1
5,0.839745,1,1,2,1,1
5,0.875545,1,1,2,3,1
5,0.53605,1,1,3,2,1
5,0.6085950001,1,2,1,3,1
5,0.6934099998,1,1,3,2,1
5,0.4410000001,1,1,3,2,1
5,0.4329899999,1,1,3,2,1
5,0.3851450002,1,1,3,2,1
5,0.5699200002,1,2,1,2,1
5,0.4112799999,1,2,3,1,1
5,0.716035,1,2,1,2,1
5,0.5583299999,1,1,1,3,1
5,0.8690849999,0,2,3,1,1
5,0.8534949999,1,1,2,1,1
5,0.6811149998,1,2,1,2,1
5,0.9445549999,1,1,1,3,1
5,0.3660199998,1,1,3,1,1
5,0.4859849999,1,2,3,2,1
5,0.763425,0,2,2,1,1
5,1.159105,1,2,3,2,1
5,0.4961000001,1,1,2,3,1
5,0.3979499999,1,1,3,1,1
5,0.66411,1,1,1,2,1
5,0.4877799999,1,2,2,1,1
5,0.423215,1,1,3,1,1
5,0.6418299999,1,1,2,3,1
5,0.5353400002,1,1,1,3,1
5,0.5669499999,1,1,2,1,1
5,0.8325450001,1,2,1,2,1
5,0.7119049998,1,1,1,2,1
5,0.4852,1,1,3,1,1
5,1.76228,0,1,2,1,1
5,0.6276200002,1,2,2,1,1
5,0.61347,1,1,2,3,1
5,0.7806500001,1,2,1,3,1
5,0.563905,1,2,2,3,1
5,0.536355,0,1,1,3,1
5,0.3752049999,1,2,3,1,1
5,0.6076700001,1,1,1,3,1
5,0.4420950001,1,2,3,2,1
5,0.5093700001,1,1,1,2,1
5,0.377935,1,2,3,2,1
5,0.458875,1,1,3,1,1
5,0.6180800002,1,2,2,3,1
5,0.5751499999,1,2,1,2,1
5,0.568825,1,1,2,3,1
5,0.8231899999,1,2,3,2,1
5,0.505165,1,1,2,1,1
5,0.7164150001,1,2,3,1,1
5,0.7494350001,1,2,2,1,1
5,0.7398599999,1,2,2,3,1
5,0.7699450001,1,1,1,2,1
5,0.573995,1,1,1,2,1
5,0.4601949998,1,2,3,1,1
5,0.53636,1,2,1,3,1
5,0.633955,1,2,1,3,1
5,0.6851550001,1,2,1,3,1
5,0.623045,1,2,2,3,1
5,0.5984200002,1,2,2,1,1
5,0.450835,1,2,2,3,1
6,1.097,1,2,1,3,1
6,1.118,1,1,3,1,1
6,2.096,0,1,3,1,1
6,0.687,1,2,3,1,1
6,1.101,0,1,1,3,1
6,1.061,1,1,1,3,1
6,0.479,1,1,3,1,1
6,1.151,0,2,2,1,1
6,1.06,1,1,2,3,1
6,1.12,1,1,3,2,1
6,1.055,1,2,1,3,1
6,1.025,1,1,1,2,1
6,0.835,1,1,3,1,1
6,0.919,1,1,1,2,1
6,0.914,1,1,1,2,1
6,0.573,1,2,1,2,1
6,1.262,1,2,2,3,1
6,1.036,1,2,1,3,1
6,0.816,0,2,3,1,1
6,0.864,1,1,3,2,1
6,1.235,0,2,2,1,1
6,1.308,1,2,2,3,1
6,0.787,1,1,2,1,1
6,1.513,0,2,1,2,1
6,1.298,1,2,3,2,1
6,1.21,0,1,1,3,1
6,1.296,1,1,1,3,1
6,1.063,1,2,3,2,1
6,0.934,0,2,1,2,1
6,0.91,1,1,2,3,1
6,0.94,1,1,2,3,1
6,1.096,1,1,1,2,1
6,1.163,1,2,1,3,1
6,1.14,1,2,3,2,1
6,1.158,0,2,2,1,1
6,1.413,1,1,2,3,1
6,0.912,0,2,2,3,1
6,0.96,1,1,1,2,1
6,0.897,1,2,1,2,1
6,0.505,1,1,3,2,1
6,0.53,1,1,3,2,1
6,0.501,1,2,3,1,1
6,0.908,1,1,2,1,1
6,1.284,1,1,3,2,1
6,1.05,1,2,1,2,1
6,0.882,1,2,3,2,1
6,1.04,1,2,1,3,1
6,0.532,1,1,1,3,1
6,0.757,1,1,2,1,1
6,0.912,1,1,2,1,1
6,0.457,1,2,3,1,1
6,1.155,0,1,2,3,1
6,1.171,1,2,2,1,1
6,1.051,1,2,3,2,1
6,0.954,1,2,2,3,1
6,0.792,0,1,2,1,1
6,0.816,1,2,2,3,1
6,0.728,1,2,3,1,1
6,0.836,1,2,2,1,1
6,0.564,1,1,3,1,1
7,1.02725,1,2,3,2,1
7,0.88745,1,1,3,1,1
7,0.900825,1,2,2,3,1
7,0.88909,0,2,3,1,1
7,0.732125,1,1,1,3,1
7,1.07334,0,1,2,3,1
7,1.22868,1,1,2,1,1
7,0.908715,1,2,2,1,1
7,0.796045,1,1,2,3,1
7,0.715255,1,1,1,2,1
7,0.803185,1,1,1,2,1
7,0.61992,1,2,3,2,1
7,1.01015,1,1,1,2,1
7,0.93847,1,2,1,3,1
7,1.409925,1,2,2,1,1
7,1.233865,1,2,1,3,1
7,0.75443,1,1,3,2,1
7,0.84629,1,2,1,3,1
7,0.750245,1,1,3,1,1
7,1.50095,1,2,2,1,1
7,0.63791,1,2,1,2,1
7,0.65184,1,2,3,2,1
7,0.74923,1,2,1,3,1
7,0.66779,1,2,3,1,1
7,0.88005,1,2,1,2,1
7,0.738125,1,1,3,1,1
7,1.1315,0,2,2,3,1
7,0.865985,1,2,3,1,1
7,0.68726,1,1,1,3,1
7,0.807135,0,1,2,3,1
7,0.71557,1,2,2,1,1
7,0.934615,0,1,2,3,1
7,0.78024,1,1,1,2,1
7,0.768205,1,1,3,2,1
7,0.79791,1,2,1,3,1
7,0.829225,1,1,1,3,1
7,1.176315,1,1,1,2,1
7,0.805475,1,1,2,1,1
7,0.832085,0,1,2,1,1
7,0.966025,1,2,3,1,1
7,0.62465,1,2,2,3,1
7,0.62384,0,1,3,2,1
7,0.70415,1,2,3,2,1
7,1.129925,1,1,2,1,1
7,0.543755,1,1,1,3,1
7,0.520405,1,2,3,2,1
7,1.011545,0,2,3,1,1
7,0.49763,1,2,1,2,1
7,0.508395,1,1,3,2,1
7,0.880675,1,1,2,3,1
7,0.58199,1,1,1,3,1
7,0.821015,1,1,2,1,1
7,0.78096,0,2,2,1,1
7,0.80987,1,2,1,2,1
7,0.617725,1,1,3,2,1
7,0.50148,1,1,3,1,1
7,0.69037,1,2,1,2,1
7,0.61257,0,1,3,1,1
7,0.680625,1,2,2,3,1
7,0.81135,1,2,2,3,1
8,1.192645,1,2,1,2,1
8,0.67812,1,1,3,2,1
8,0.594995,1,2,3,1,1
8,0.671425,1,1,1,2,1
8,0.5604,1,1,2,1,1
8,0.52624,1,1,3,1,1
8,0.51088,1,1,2,3,1
8,0.45046,1,1,3,2,1
8,0.50421,1,2,1,3,1
8,0.49182,1,1,2,1,1
8,0.41991,1,1,3,1,1
8,0.534275,1,2,1,3,1
8,0.587845,0,2,2,1,1
8,0.630985,1,2,2,3,1
8,0.64945,1,2,1,3,1
8,0.473775,1,1,2,3,1
8,0.65361,1,2,1,3,1
8,0.773315,1,2,2,1,1
8,0.479065,1,1,2,3,1
8,0.84907,1,2,1,3,1
8,0.52666,1,2,3,2,1
8,0.609315,1,2,1,2,1
8,0.76236,0,1,1,3,1
8,0.52435,1,1,3,1,1
8,0.54881,1,2,2,3,1
8,0.448025,1,2,1,2,1
8,0.373535,1,2,3,1,1
8,0.43115,1,2,2,3,1
8,0.53742,1,2,2,3,1
8,0.488605,1,1,3,2,1
8,0.454485,1,2,3,2,1
8,0.52141,1,1,1,2,1
8,0.53355,1,1,3,2,1
8,0.40403,1,2,2,1,1
8,0.419405,1,2,3,2,1
8,0.48016,1,1,1,3,1
8,0.58639,1,2,3,1,1
8,0.513305,1,2,1,2,1
8,0.34425,1,1,3,2,1
8,0.404755,1,1,2,1,1
8,0.38434,1,1,3,1,1
8,0.6768,1,2,1,2,1
8,0.576395,0,2,2,1,1
8,0.51743,1,2,3,1,1
8,0.495745,1,1,1,3,1
8,0.4991,1,1,1,2,1
8,0.47772,1,1,1,3,1
8,0.43691,1,2,3,2,1
8,0.4806,1,1,2,1,1
8,0.376285,1,1,1,2,1
8,0.558815,1,2,3,1,1
8,0.571335,1,2,3,2,1
8,0.63833,0,1,2,3,1
8,0.518665,1,2,2,3,1
8,0.50093,1,1,2,1,1
8,0.46994,1,2,2,1,1
8,0.38703,1,1,3,1,1
8,0.63551,1,1,2,3,1
8,0.403545,1,1,1,3,1
8,0.549005,1,1,1,2,1
9,1.13972,0,1,2,1,1
9,0.7699850001,1,2,1,3,1
9,0.652,0,2,2,3,1
9,0.9410249998,1,1,1,3,1
9,0.6867450001,0,1,3,2,1
9,1.33697,0,1,2,3,1
9,1.488245,0,1,1,3,1
9,1.69941,1,1,3,2,1
9,1.595275,1,1,1,2,1
9,1.09047,1,2,2,1,1
9,0.27275,1,2,3,1,1
9,0.44933,1,2,2,1,1
9,0.4244700002,1,1,3,1,1
9,0.6159799998,1,2,3,1,1
9,0.3525,1,2,3,2,1
9,0.2783949999,1,2,2,1,1
9,0.730615,1,2,3,2,1
9,0.8218799999,0,1,2,3,1
9,0.1295950001,0,2,1,2,1
9,0.650165,0,2,2,3,1
9,0.696975,0,2,3,2,1
9,0.009659999982,0,1,3,1,1
9,0.09728500014,0,1,1,3,1
9,0.26296,1,2,1,2,1
9,0.2535699999,1,1,3,2,1
9,0.4561400001,0,1,1,3,1
9,0.561485,1,2,1,2,1
9,0.04858999979,0,1,2,1,1
9,0.08471499989,0,2,1,2,1
9,0.06098000007,1,2,1,3,1
9,0.06729499996,1,2,2,1,1
9,0.2870550002,1,2,2,1,1
9,0.551735,0,1,1,2,1
9,0.1362349999,1,1,3,1,1
9,0.8821350001,0,2,1,3,1
9,0.731925,0,2,3,1,1
9,0.66659,1,2,1,3,1
9,1.81676,1,1,2,1,1
9,0.6800249999,1,2,2,3,1
9,1.014255,1,1,2,3,1
9,1.201565,1,2,1,2,1
9,0.6200649999,1,1,1,2,1
9,1.166585,0,2,3,2,1
9,1.115775,1,1,3,2,1
9,0.586965,1,1,3,1,1
9,0.65861,1,1,3,1,1
9,1.74024,1,1,2,3,1
9,0.3625950001,0,1,2,1,1
9,0.4253700001,0,1,2,3,1
9,1.14832,1,2,3,1,1
9,0.2041750001,0,1,1,2,1
9,0.1743599998,1,2,3,2,1
9,0.3567850001,1,1,3,2,1
9,0.04325499991,0,2,2,3,1
9,0.08750000014,0,2,3,1,1
9,0.05710500013,0,1,2,1,1
9,1.531,0,2,1,3,1
9,0.84601,1,2,2,3,1
9,0.157445,1,1,1,3,1
10,0.81658,1,1,3,2,1
10,0.967285,1,2,1,2,1
10,0.8567,1,1,1,3,1
10,0.44044,1,1,3,2,1
10,0.976555,1,1,2,3,1
10,0.66709,1,2,2,3,1
10,0.55419,1,2,1,2,1
10,0.480175,1,1,3,2,1
10,0.504775,1,1,1,3,1
10,0.558795,1,2,3,2,1
10,0.641965,1,1,1,2,1
10,0.57355,1,1,2,3,1
10,0.870525,1,2,2,1,1
10,0.51746,1,1,2,1,1
10,0.641315,1,2,2,3,1
10,0.490315,1,2,1,3,1
10,0.55492,1,1,1,2,1
10,0.459295,1,1,3,1,1
10,0.443925,1,2,3,1,1
10,0.607115,1,1,3,1,1
10,0.43508,1,2,1,2,1
10,0.476825,1,1,2,3,1
10,0.507295,1,1,3,2,1
10,0.644285,1,1,2,1,1
10,0.54522,1,2,2,3,1
10,0.35959,1,2,2,1,1
10,0.62812,1,2,1,2,1
10,0.571175,1,2,2,1,1
10,0.416305,1,1,1,3,1
10,1.04441,0,1,1,2,1
10,0.451235,1,2,3,2,1
10,0.438555,1,1,1,3,1
10,0.39799,1,1,3,1,1
10,0.580375,1,1,1,2,1
10,0.579475,1,2,2,1,1
10,0.68441,1,2,2,3,1
10,0.450715,1,2,1,2,1
10,0.61876,1,1,2,1,1
10,0.687235,1,1,2,3,1
10,0.414645,1,2,3,1,1
10,0.39483,1,2,3,1,1
10,0.450755,1,1,3,1,1
10,0.556025,1,1,2,3,1
10,0.537335,1,2,2,3,1
10,0.513895,1,2,1,3,1
10,0.53018,1,2,1,3,1
10,0.407035,1,1,3,2,1
10,0.57722,0,1,1,2,1
10,0.558325,1,1,2,1,1
10,0.37976,1,2,3,2,1
10,1.4446,1,2,1,3,1
10,0.54849,1,1,3,1,1
10,1.06864,1,1,1,3,1
10,0.58734,1,2,3,2,1
10,0.477415,1,2,3,1,1
10,0.667295,1,1,2,1,1
10,0.640075,1,2,3,1,1
10,0.58377,1,2,2,1,1
10,0.527005,1,2,3,2,1
10,0.80458,1,2,1,3,1
11,0.933845,1,2,2,3,1
11,0.798045,1,2,2,1,1
11,0.587285,1,2,1,2,1
11,0.910405,1,2,3,2,1
11,1.038815,1,2,3,1,1
11,1.033665,0,2,2,3,1
11,1.06066,1,1,3,1,1
11,1.355425,1,2,3,1,1
11,1.949805,0,1,2,3,1
11,0.856425,1,1,3,2,1
11,1.03388,1,1,3,1,1
11,0.922715,1,1,3,2,1
11,1.587785,1,2,1,2,1
11,1.14068,1,2,1,3,1
11,1.334005,1,2,2,3,1
11,1.183275,1,1,1,2,1
11,1.368835,1,1,2,1,1
11,1.149775,1,1,2,1,1
11,1.3413,1,2,2,3,1
11,1.014375,1,1,1,2,1
11,0.982665,1,2,3,1,1
11,0.889075,1,1,3,1,1
11,1.02229,0,1,2,3,1
11,1.06978,1,2,2,3,1
11,0.92879,1,1,3,1,1
11,1.37295,1,2,3,2,1
11,1.026725,1,1,1,2,1
11,1.609475,1,1,1,3,1
11,1.14286,1,1,3,1,1
11,1.176085,1,1,1,2,1
11,1.193375,1,2,1,3,1
11,1.03675,1,1,3,2,1
11,1.22062,1,1,2,1,1
11,1.428365,1,2,1,3,1
11,1.392825,0,2,1,2,1
11,1.266835,1,1,2,3,1
11,1.177185,0,2,2,1,1
11,0.956295,1,1,1,3,1
11,1.569725,1,2,2,1,1
11,1.514775,0,2,1,2,1
11,0.97567,1,2,3,1,1
11,0.90644,1,2,3,2,1
11,0.910805,1,1,3,2,1
11,1.52542,0,1,2,3,1
11,1.58585,1,1,1,2,1
11,1.21503,1,1,2,1,1
11,2.338325,0,1,1,3,1
11,1.006505,0,1,2,1,1
11,1.6353,1,2,3,1,1
11,1.36259,1,2,1,3,1
11,1.2061,1,1,1,3,1
11,1.46182,0,1,1,3,1
12,0.6084049999,1,2,3,2,1
12,0.76393,1,1,3,2,1
12,0.662855,0,1,3,1,1
12,0.691555,1,2,2,1,1
12,1.00123,1,2,2,3,1
12,0.6123,1,1,3,1,1
12,0.984895,1,1,2,3,1
12,0.597335,1,2,3,2,1
12,1.37357,0,2,1,3,1
12,0.851475,1,1,1,3,1
12,0.76964,0,2,1,2,1
12,1.115105,0,1,2,1,1
12,0.485835,1,1,2,3,1
12,0.650025,1,2,2,1,1
12,0.57317,1,2,3,1,1
12,0.734785,1,1,1,2,1
12,0.761315,0,2,2,3,1
12,1.010415,1,1,1,2,1
12,0.92115,0,1,2,3,1
12,0.59715,0,2,2,1,1
12,0.89723,1,2,1,3,1
12,0.881495,1,2,1,3,1
12,0.948455,1,1,3,2,1
12,0.980085,1,2,2,1,1
12,0.824385,1,1,1,3,1
12,1.06576,1,1,2,3,1
12,0.572765,1,1,2,1,1
12,0.665765,1,1,2,3,1
12,1.02895,1,2,1,2,1
12,0.70285,1,1,1,3,1
12,0.639215,1,2,3,2,1
12,0.741225,0,1,1,2,1
12,0.907485,1,2,1,2,1
12,0.516765,1,2,3,2,1
12,0.587015,1,2,3,1,1
12,0.750225,1,2,1,3,1
12,0.8913050001,0,2,2,3,1
12,0.712645,0,2,2,3,1
12,0.762395,1,2,1,2,1
12,0.794595,0,1,2,1,1
12,0.95865,0,1,2,1,1
12,0.47398,1,1,3,2,1
12,0.80638,0,1,1,2,1
12,0.9988,1,2,3,1,1
12,0.581805,1,1,3,1,1
12,1.22631,1,2,1,2,1
12,0.65034,1,1,3,2,1
12,0.98229,1,2,3,2,1
12,0.512865,1,2,3,1,1
12,0.740495,1,2,2,3,1
12,0.75937,1,1,1,3,1
12,0.92796,1,2,1,3,1
12,0.495065,1,2,2,1,1
12,0.542,1,1,3,1,1
12,0.733895,1,2,3,1,1
12,1.218365,1,1,3,2,1
12,0.7138,1,1,1,3,1
12,1.06874,0,1,2,1,1
13,1.030635,0,2,1,2,1
13,0.491715,1,1,3,1,1
13,0.05869999999,0,2,3,2,1
13,0.62113,1,1,3,1,1
13,0.326615,0,1,3,2,1
13,0.07138500002,1,2,1,3,1
13,0.121085,1,1,1,2,1
13,0.53481,1,1,2,3,1
13,0.4255,1,2,3,2,1
13,1.407595,0,2,1,3,1
13,0.751495,0,1,3,2,1
13,0.22432,0,2,1,2,1
13,0.149805,0,2,1,3,1
13,0.179225,0,2,1,3,1
13,0.446675,1,1,1,3,1
13,0.420075,0,1,2,1,1
13,0.50671,1,2,3,1,1
13,0.353575,1,1,1,3,1
13,0.69071,1,1,3,1,1
13,0.20265,0,2,2,3,1
13,0.002994999988,0,2,1,2,1
13,0.04284000001,0,2,3,1,1
13,0.356585,1,2,2,3,1
13,0.35175,0,2,1,2,1
13,0.319955,1,1,2,3,1
13,0.21824,0,1,2,1,1
13,1.143475,0,1,3,2,1
13,0.10302,0,2,3,2,1
13,1.67618,1,2,2,3,1
13,0.098585,1,1,1,3,1
13,0.20333,0,2,3,1,1
13,1.398085,1,1,2,3,1
13,0.06036999999,1,1,3,1,1
13,0.37685,1,2,3,1,1
13,0.03596500002,0,2,2,3,1
13,0.717115,0,1,3,2,1
13,0.398995,0,2,2,3,1
13,0.36648,0,1,3,1,1
13,0.007240000006,1,2,3,1,1
13,1.655215,1,2,2,1,1
13,0.10327,1,1,1,3,1
13,2.32721,1,1,1,3,1
13,0.19117,0,2,2,1,1
13,2.142025,1,1,2,1,1
13,0.002490000013,1,2,3,2,1
13,0.376155,1,1,1,2,1
13,0.74566,0,2,3,2,1
13,0.713785,1,1,1,2,1
14,0.67197,1,1,1,2,1
14,0.55562,1,2,3,2,1
14,0.583095,1,1,2,1,1
14,0.43652,1,1,3,2,1
14,0.497845,1,1,3,1,1
14,0.523205,1,2,1,3,1
14,0.99033,1,1,3,1,1
14,0.724565,1,1,3,2,1
14,0.756405,1,2,2,3,1
14,0.965585,1,1,3,1,1
14,0.487555,0,1,2,1,1
14,0.57221,1,2,1,2,1
14,1.0937,1,1,2,3,1
14,0.810095,1,2,3,1,1
14,0.639695,1,2,2,3,1
14,0.960615,0,2,3,2,1
14,0.621165,0,2,1,2,1
14,0.564805,0,2,1,2,1
14,0.663945,1,2,2,1,1
14,0.69178,1,1,2,3,1
14,0.645355,1,1,1,3,1
14,0.64803,0,1,1,2,1
14,0.65974,1,2,2,1,1
14,0.57761,1,1,3,2,1
14,0.9087,1,2,2,1,1
14,0.51855,1,1,3,2,1
14,0.49585,1,2,3,1,1
14,2.041,0,1,1,2,1
14,1.59306,0,2,2,3,1
14,0.79627,1,1,1,2,1
14,0.73118,1,2,1,3,1
14,0.83602,1,1,3,2,1
14,2.46282,1,2,2,3,1
14,0.47538,1,2,2,1,1
14,0.553215,0,1,1,3,1
14,0.48537,0,2,3,1,1
14,0.55978,1,2,3,1,1
14,0.51984,1,2,3,2,1
14,0.608185,1,2,3,2,1
14,0.761235,1,1,1,3,1
14,1.28585,1,2,2,1,1
14,0.651545,0,1,3,1,1
14,0.67471,1,1,2,3,1
14,0.53106,0,1,2,3,1
14,0.50948,1,2,1,3,1
14,0.800785,0,2,1,2,1
14,1.83231,0,1,2,1,1
14,0.49327,1,2,1,3,1
14,0.522945,1,2,3,2,1
14,0.661635,0,1,2,3,1
14,0.55929,1,2,3,1,1
14,0.745585,1,1,3,1,1
14,0.782955,1,2,2,3,1
14,0.69938,1,1,2,1,1
14,0.551695,0,1,1,3,1
14,0.808515,0,1,1,3,1
14,0.60257,1,2,1,2,1
14,0.526025,0,1,1,2,1
15,0.89894,1,1,3,2,1
15,1.231055,1,2,1,2,1
15,1.03325,1,1,2,1,1
15,0.938535,1,1,2,3,1
15,0.952695,1,2,1,2,1
15,0.794175,1,1,3,1,1
15,0.93279,1,1,3,2,1
15,0.80201,1,1,3,2,1
15,0.99664,1,2,1,2,1
15,0.87375,1,1,1,3,1
15,0.77792,1,2,3,2,1
15,0.88183,1,2,2,1,1
15,0.71278,1,2,2,1,1
15,0.726705,1,2,2,1,1
15,0.875835,1,1,2,1,1
15,0.90359,1,1,1,3,1
15,0.747165,1,1,3,1,1
15,0.87842,1,1,1,3,1
15,0.7419,1,2,1,3,1
15,0.68347,1,2,3,2,1
15,0.592005,1,2,3,1,1
15,0.77427,1,1,2,3,1
15,0.69769,1,2,3,1,1
15,0.74653,1,1,1,2,1
15,0.663545,1,2,3,1,1
15,0.892275,1,2,2,1,1
15,0.566095,1,2,3,1,1
15,0.882705,1,1,1,2,1
15,0.805075,1,2,2,3,1
15,1.587195,0,2,1,3,1
15,0.585955,1,2,2,3,1
15,0.841765,1,1,3,1,1
15,0.65223,1,1,2,1,1
15,0.78704,1,1,2,1,1
15,0.643865,1,2,3,2,1
15,0.702405,1,2,1,2,1
15,0.756515,1,1,2,3,1
15,0.73825,1,2,1,3,1
15,0.74126,1,1,2,3,1
15,0.622835,1,1,3,1,1
15,0.78497,1,1,2,1,1
15,0.922235,1,2,2,3,1
15,0.7139,1,1,3,1,1
15,0.751715,1,2,1,2,1
15,0.88423,1,2,2,3,1
15,0.551155,1,2,3,2,1
15,0.95847,1,2,1,3,1
15,0.71183,0,1,1,3,1
15,0.9293,0,2,2,1,1
15,1.05361,0,2,2,3,1
15,1.72711,1,2,3,2,1
15,0.830165,1,1,3,2,1
15,1.00037,1,1,3,2,1
15,0.95617,1,1,1,3,1
15,0.687985,1,1,1,2,1
15,1.04899,1,2,3,1,1
15,0.923885,1,1,2,3,1
15,0.85875,1,2,1,3,1
15,0.727855,1,1,1,2,1
15,1.03253,1,1,1,2,1
16,0.65,0,1,2,3,1
16,0.47261,1,1,3,1,1
16,0.654065,0,2,1,2,1
16,0.4338,1,1,1,2,1
16,0.58676,1,2,3,2,1
16,0.52616,1,2,1,2,1
16,0.59086,1,1,1,2,1
16,0.58672,0,1,2,3,1
16,0.610665,1,2,2,3,1
16,0.78807,1,1,1,2,1
16,0.501455,1,1,2,3,1
16,0.45892,1,1,3,1,1
16,0.442035,0,2,2,1,1
16,0.710915,0,2,1,3,1
16,0.579565,1,2,2,3,1
16,0.59692,1,1,1,3,1
16,0.483345,1,2,3,1,1
16,0.710325,1,2,1,2,1
16,0.52878,1,2,2,1,1
16,0.5273,1,1,2,1,1
16,0.437545,1,1,3,1,1
16,0.816655,0,1,2,1,1
16,0.482925,1,1,3,2,1
16,0.45255,1,1,3,1,1
16,0.497135,1,2,3,2,1
16,0.72912,1,1,1,2,1
16,0.478515,1,1,3,2,1
16,0.548305,1,2,3,1,1
16,0.507715,1,2,3,2,1
16,0.390045,1,2,3,1,1
16,0.467345,1,2,3,2,1
16,0.59337,1,1,2,1,1
16,0.620265,1,1,1,3,1
16,0.554905,1,1,2,3,1
16,0.472965,1,2,1,3,1
16,0.53419,1,1,1,3,1
16,0.538515,1,1,1,2,1
16,0.65928,1,2,1,3,1
16,0.56349,1,2,3,1,1
16,0.554735,1,2,2,1,1
16,0.395935,1,2,3,1,1
16,0.48178,1,2,3,2,1
16,0.966505,1,2,1,2,1
16,0.643035,1,2,2,3,1
16,0.3978,1,1,3,1,1
16,0.412395,1,1,3,2,1
16,0.41985,1,1,3,2,1
16,0.53238,1,1,2,1,1
16,0.4134,1,1,3,2,1
16,0.80442,1,1,1,3,1
16,0.59335,0,1,1,3,1
16,0.60188,1,2,1,3,1
16,0.610175,1,2,2,1,1
16,0.588435,1,1,2,3,1
16,0.700475,1,2,2,3,1
16,0.664545,0,1,2,1,1
16,0.62652,1,2,2,3,1
16,0.630295,0,2,2,1,1
16,0.59859,1,2,1,3,1
16,0.50805,1,2,1,2,1
17,1.464525,1,1,1,3,1
17,1.372185,1,2,3,1,1
17,1.19156,1,2,1,2,1
17,0.926655,1,2,2,3,1
17,1.05519,1,2,2,1,1
17,1.001,1,2,3,2,1
17,0.77885,1,1,2,3,1
17,0.456845,1,1,1,3,1
17,0.863005,1,1,1,2,1
17,0.583565,1,2,1,2,1
17,0.58364,1,2,3,2,1
17,0.428655,1,1,1,2,1
17,0.828505,1,2,2,1,1
17,0.792535,1,2,3,1,1
17,0.522805,1,1,2,1,1
17,0.881025,1,1,2,1,1
17,0.75191,1,2,3,1,1
17,0.82106,0,2,2,3,1
17,0.870665,0,1,2,1,1
17,0.81243,1,1,3,1,1
17,0.556565,1,1,3,1,1
17,0.663305,1,1,1,3,1
17,0.64173,1,2,1,3,1
17,0.72354,1,2,1,3,1
17,0.59185,1,2,3,1,1
17,0.800335,1,1,1,3,1
17,0.60179,1,1,3,2,1
17,0.623355,1,1,1,2,1
17,0.600355,1,2,1,2,1
17,0.71922,1,2,2,1,1
17,0.771645,0,1,3,1,1
17,1.209545,0,1,2,3,1
17,0.697545,1,1,3,2,1
17,0.61228,1,2,1,2,1
17,0.503135,1,2,3,2,1
17,0.57641,1,2,2,3,1
17,0.69657,1,2,1,3,1
17,0.601535,0,1,2,1,1
17,0.96951,0,2,2,1,1
17,0.696685,1,2,3,2,1
17,0.76849,0,1,2,1,1
17,0.70498,1,1,3,1,1
17,0.65222,1,2,1,3,1
17,0.61557,1,1,3,2,1
17,0.5133,1,1,2,3,1
17,0.78656,0,2,2,3,1
17,0.628695,1,2,3,1,1
17,0.497915,1,1,3,2,1
17,1.33107,1,1,3,2,1
17,0.51776,1,2,3,2,1
17,0.90429,0,2,1,3,1
17,0.767175,0,1,1,2,1
17,1.09756,0,1,1,2,1
17,0.76577,1,2,1,2,1
17,0.95291,1,2,2,3,1
17,0.647,1,1,2,3,1
17,0.45935,1,1,3,1,1
17,0.56728,1,1,2,3,1
17,0.802205,1,1,1,3,1
17,0.749075,1,2,2,1,1
18,0.62,1,2,2,1,1
18,0.516,1,2,1,2,1
18,0.537,0,2,2,3,1
18,0.464,1,2,1,2,1
18,0.469,1,2,3,1,1
18,0.435,1,2,3,2,1
18,0.514,1,1,2,3,1
18,0.447,0,1,1,3,1
18,0.778,0,2,2,1,1
18,0.516,0,1,3,1,1
18,0.674,1,1,3,2,1
18,0.41,0,1,3,1,1
18,0.516,1,1,2,1,1
18,0.414,1,2,3,2,1
18,0.627,1,1,1,3,1
18,0.447,1,1,1,2,1
18,0.467,1,2,3,1,1
18,0.619,1,2,1,3,1
18,0.645,1,1,1,2,1
18,0.64,1,1,2,1,1
18,0.433,1,1,2,3,1
18,0.667,1,2,2,3,1
18,0.424,1,1,3,2,1
18,0.498,0,1,1,3,1
18,0.594,1,2,1,3,1
18,0.495,1,1,2,3,1
18,0.532,1,2,2,3,1
18,0.398,1,1,3,2,1
18,0.647,1,1,1,3,1
18,0.461,0,2,2,1,1
18,0.57,1,2,1,3,1
18,0.821,1,2,3,1,1
18,0.672,1,1,1,2,1
18,0.485,1,2,2,3,1
18,0.837,1,1,2,3,1
18,0.516,1,2,1,2,1
18,0.562,1,2,2,1,1
18,0.463,1,1,3,2,1
18,0.63,0,1,2,3,1
18,0.595,1,2,3,2,1
18,0.428,1,2,3,2,1
18,0.639,1,1,1,3,1
18,0.401,1,1,3,2,1
18,0.615,1,2,2,3,1
18,0.919,0,1,2,1,1
18,0.595,1,2,1,2,1
18,0.502,1,2,3,2,1
18,0.643,1,2,2,1,1
18,0.403,1,1,3,1,1
18,0.599,1,1,1,2,1
18,0.461,1,2,3,1,1
18,0.453,1,2,3,1,1
18,0.722,1,1,2,1,1
18,0.479,1,2,1,3,1
18,0.559,1,2,1,3,1
18,0.736,0,1,1,2,1
18,0.574,0,2,1,2,1
18,0.462,1,1,3,1,1
18,0.828,1,1,2,1,1
18,0.406,1,1,3,1,1
19,0.98418,1,2,2,1,1
19,0.973955,1,1,2,1,1
19,0.619005,1,2,1,2,1
19,0.824095,1,2,3,2,1
19,0.620555,1,1,3,1,1
19,0.85012,1,1,1,3,1
19,0.62061,1,2,3,1,1
19,1.4775,1,1,2,1,1
19,0.727235,1,2,1,3,1
19,0.694775,1,1,2,3,1
19,0.68896,1,1,1,2,1
19,1.48305,0,2,3,2,1
19,1.784665,0,2,3,1,1
19,0.664465,1,2,3,1,1
19,0.780205,1,1,2,3,1
19,0.779805,1,2,1,2,1
19,0.852225,1,2,2,3,1
19,0.87022,1,1,2,1,1
19,2.33511,1,2,2,1,1
19,0.932365,1,2,1,3,1
19,0.958655,1,1,3,2,1
19,0.83206,1,2,3,1,1
19,0.964175,1,1,3,1,1
19,0.64197,1,1,1,2,1
19,0.611345,1,1,1,2,1
19,0.609275,1,2,2,1,1
19,0.641895,0,1,1,3,1
19,1.420975,1,1,3,2,1
19,0.61325,1,1,2,1,1
19,1.083285,1,1,1,3,1
19,0.53155,1,2,2,1,1
19,0.690125,1,2,2,3,1
19,1.66206,1,2,3,1,1
19,0.718985,1,1,1,3,1
19,0.66141,1,1,3,1,1
19,0.61951,1,1,2,3,1
19,0.5121,1,1,1,2,1
19,0.71325,1,1,3,1,1
19,0.66376,1,1,3,2,1
19,0.99249,1,2,2,3,1
19,0.828465,1,2,1,2,1
19,0.533585,1,2,1,3,1
19,0.60791,1,2,3,2,1
19,0.57127,1,1,2,1,1
19,0.585575,1,2,2,3,1
19,0.711215,1,2,1,3,1
19,0.799735,1,1,1,3,1
19,0.75696,1,2,3,2,1
19,0.71945,1,1,2,3,1
19,0.88554,1,2,2,3,1
19,0.71068,1,2,3,2,1
19,0.663405,1,1,1,2,1
19,0.861255,1,1,2,3,1
19,0.603005,1,1,3,1,1
19,0.869955,1,1,3,2,1
19,0.699665,1,2,1,2,1
19,0.54726,1,2,1,3,1
19,0.5501,1,1,3,2,1
19,1.12047,1,2,2,1,1
19,0.654235,1,2,1,2,1
20,1.182,1,2,3,1,1
20,1.69,1,1,1,2,1
20,1.048,0,1,2,3,1
20,1.119,1,2,3,1,1
20,1.036,1,2,3,2,1
20,1.618,0,1,2,1,1
20,1.182,1,2,1,2,1
20,1.184,0,2,2,1,1
20,0.985,1,1,3,2,1
20,0.915,1,1,3,1,1
20,1.215,1,1,2,3,1
20,1.214,1,1,3,2,1
20,0.951,0,2,1,2,1
20,1.995,0,2,2,3,1
20,1.008,1,2,2,3,1
20,1.064,1,1,3,2,1
20,0.891,1,1,3,2,1
20,0.649,1,1,1,2,1
20,0.963,1,1,1,3,1
20,1.062,0,2,1,2,1
20,1.277,1,2,1,3,1
20,0.759,0,1,1,3,1
20,1.02,1,2,1,3,1
20,1.002,1,1,2,3,1
20,0.958,1,1,1,2,1
20,0.806,1,1,3,1,1
20,1.231,0,2,2,3,1
20,0.607,1,1,3,1,1
20,0.87,1,2,2,3,1
20,1.135,1,1,1,2,1
20,0.804,1,2,3,1,1
20,1.125,1,1,2,1,1
20,1.565,0,1,2,1,1
20,0.811,1,2,3,2,1
20,1.356,0,2,2,1,1
20,1.083,1,2,1,2,1
20,0.997,1,2,1,3,1
20,0.94,1,1,2,1,1
20,1.201,0,1,1,2,1
20,0.544,1,1,3,1,1
20,1.209,0,2,2,3,1
20,0.813,1,1,3,2,1
20,0.659,1,2,1,2,1
20,0.78,1,1,1,3,1
20,1.073,1,2,3,2,1
20,0.816,1,2,2,1,1
20,0.522,1,1,3,1,1
20,0.802,1,2,3,2,1
20,0.786,1,2,3,1,1
20,1.481,0,2,2,1,1
20,1.532,1,1,1,3,1
20,1.156,0,2,1,3,1
20,1.029,1,2,2,1,1
20,0.51,1,2,3,2,1
20,1.014,0,1,2,1,1
20,1.14,0,1,2,3,1
20,0.983,0,1,1,3,1
20,0.83,1,2,3,1,1
20,1.229,1,2,1,3,1
20,0.97,1,1,2,3,1
21,0.686,1,1,2,1,1
21,0.761,1,1,3,2,1
21,0.633,1,1,1,2,1
21,0.633,1,1,1,3,1
21,0.672,1,2,1,3,1
21,0.711,1,1,2,3,1
21,0.717,1,2,2,1,1
21,0.603,1,2,3,1,1
21,0.696,1,2,1,3,1
21,0.67,1,1,1,3,1
21,0.682,1,1,3,2,1
21,0.588,1,2,3,2,1
21,0.581,0,1,2,3,1
21,0.649,1,2,1,3,1
21,0.782,1,2,2,1,1
21,0.591,1,1,3,2,1
21,0.659,1,1,3,2,1
21,0.55,1,2,1,3,1
21,0.801,1,1,2,3,1
21,0.587,0,2,1,2,1
21,0.68,1,2,1,2,1
21,0.741,0,1,3,1,1
21,0.66,1,1,1,2,1
21,0.61,1,1,3,1,1
21,0.603,1,1,3,1,1
21,0.806,1,1,1,2,1
21,0.89,0,2,3,2,1
21,0.697,0,2,2,3,1
21,0.618,1,2,3,2,1
21,0.649,1,2,3,2,1
21,0.864,1,1,1,2,1
21,0.947,1,2,2,1,1
21,0.647,0,2,2,1,1
21,0.735,1,1,3,1,1
21,0.639,1,1,2,1,1
21,0.702,1,1,1,3,1
21,0.722,0,2,1,2,1
21,0.71,0,2,2,3,1
21,0.823,1,1,2,1,1
21,0.597,1,2,3,2,1
21,0.678,1,2,1,2,1
21,1.035,0,2,1,2,1
21,0.744,1,2,3,1,1
21,0.705,1,1,1,3,1
21,0.637,0,1,2,1,1
21,0.474,1,2,3,1,1
21,0.452,1,2,3,1,1
21,0.634,1,2,2,1,1
21,0.827,0,2,2,3,1
21,0.458,1,2,3,1,1
21,0.638,1,1,2,3,1
21,0.537,1,1,3,1,1
21,0.765,1,1,3,2,1
21,0.803,1,1,2,3,1
21,0.805,0,2,2,3,1
21,0.705,1,1,2,1,1
21,0.725,0,2,1,3,1
21,0.974,0,1,1,3,1
21,0.755,0,2,2,3,1
21,0.68,1,1,1,2,1
22,1.06237,1,1,1,3,1
22,0.73507,1,2,1,3,1
22,0.91658,1,1,2,3,1
22,1.14006,0,2,1,2,1
22,0.75762,1,1,2,1,1
22,0.7243,1,2,3,2,1
22,0.792435,1,2,1,2,1
22,0.94281,1,2,2,1,1
22,0.808845,1,2,3,1,1
22,0.729505,1,2,1,3,1
22,0.74839,1,1,3,2,1
22,0.58502,0,1,2,3,1
22,0.85843,0,2,1,2,1
22,0.628425,1,2,3,1,1
22,0.248535,1,1,1,3,1
22,0.800285,1,1,1,3,1
22,0.792645,1,2,2,1,1
22,0.557375,1,2,3,1,1
22,0.894875,0,2,2,3,1
22,0.75822,1,1,1,2,1
22,0.71593,1,1,3,1,1
22,0.726015,1,1,1,2,1
22,0.84157,1,1,1,3,1
22,0.805715,0,2,1,3,1
22,0.65206,1,1,3,1,1
22,0.77102,1,2,1,3,1
22,0.691375,1,2,1,3,1
22,0.682545,1,1,3,2,1
22,0.787905,1,2,3,2,1
22,0.49048,1,2,3,2,1
22,0.595685,1,1,3,2,1
22,0.85115,1,2,1,2,1
22,0.675555,1,2,2,1,1
22,1.04431,1,1,3,2,1
22,0.91672,0,1,2,3,1
22,0.682495,1,1,2,1,1
22,0.839125,0,1,1,3,1
22,0.87468,0,2,2,1,1
22,0.467355,1,2,3,2,1
22,0.729945,1,2,3,1,1
22,0.79987,1,2,2,3,1
22,0.697915,1,2,2,3,1
22,0.99983,0,1,2,3,1
22,0.61886,1,1,2,1,1
22,0.565715,1,1,3,1,1
22,0.77947,1,1,1,2,1
22,0.729005,1,1,2,1,1
22,0.47627,1,1,3,1,1
22,0.471635,1,1,3,2,1
22,0.75405,1,2,1,2,1
22,0.76182,0,1,1,2,1
22,0.50387,1,2,3,2,1
22,1.019455,1,1,2,1,1
22,0.83337,1,1,2,3,1
22,0.670155,1,2,2,3,1
22,0.779655,1,1,1,2,1
22,0.70413,1,2,2,1,1
22,0.5715,1,1,3,1,1
22,0.589475,1,2,3,1,1
22,0.634125,0,2,2,3,1
23,1.06054,1,2,3,1,1
23,0.9014,1,2,3,2,1
23,1.00765,0,1,2,1,1
23,0.9265,1,1,3,2,1
23,0.8904,1,1,3,1,1
23,1.042235,1,2,2,1,1
23,0.808435,0,1,1,2,1
23,1.19457,0,1,1,3,1
23,0.84557,1,2,3,1,1
23,0.92815,1,1,3,1,1
23,1.03962,1,1,2,1,1
23,1.50792,0,1,2,3,1
23,0.88983,1,1,3,1,1
23,0.8015,0,2,2,3,1
23,0.763345,1,1,2,3,1
23,0.96331,1,1,2,3,1
23,1.087725,1,2,3,1,1
23,1.397095,1,1,1,2,1
23,1.28787,0,2,2,1,1
23,0.81902,1,1,3,1,1
23,1.305115,1,2,2,1,1
23,1.52257,0,1,2,3,1
23,0.914735,1,1,1,2,1
23,1.1373,1,1,2,1,1
23,0.900535,1,2,3,2,1
23,0.739085,1,1,3,1,1
23,1.044165,1,1,3,2,1
23,0.776205,1,2,3,1,1
23,0.996635,1,2,1,3,1
23,1.256805,1,2,2,3,1
23,0.92367,0,1,1,3,1
23,1.192045,1,1,1,3,1
23,1.082975,1,1,3,2,1
23,0.97481,1,1,1,3,1
23,0.871675,1,2,1,2,1
23,1.189465,1,2,1,3,1
23,1.605275,1,2,3,2,1
23,0.798855,1,1,2,1,1
23,0.810355,1,1,1,2,1
23,1.327165,0,2,1,2,1
23,1.32475,1,2,2,1,1
23,0.97855,1,2,1,3,1
23,0.83328,1,2,1,3,1
23,0.959245,0,2,2,3,1
23,0.690175,1,1,3,2,1
23,1.1465,1,2,2,3,1
23,0.84961,1,2,1,2,1
23,0.894715,1,2,1,2,1
23,0.933975,1,1,3,2,1
23,1.171235,0,2,3,2,1
23,1.11434,1,2,2,1,1
23,0.69009,1,2,3,2,1
23,1.01754,1,1,2,3,1
23,1.39748,0,2,3,1,1
23,0.810215,0,1,1,3,1
23,0.95739,1,2,2,3,1
23,1.30929,0,2,1,2,1
23,0.780925,0,2,1,3,1
23,1.227245,1,1,1,2,1
24,0.7409599999,1,1,1,2,1
24,0.7519099999,1,1,2,3,1
24,0.8751699999,1,1,1,3,1
24,0.663135,1,1,3,1,1
24,0.8903049999,1,1,1,2,1
24,1.025885,0,2,3,1,1
24,0.7697950001,1,2,2,3,1
24,0.79541,1,1,2,3,1
24,0.9403599999,0,1,2,1,1
24,0.9083500002,1,2,2,1,1
24,1.03853,0,2,2,1,1
24,0.8876,1,2,1,2,1
24,0.9848549999,1,2,3,2,1
24,0.6782799999,1,2,1,3,1
24,0.80632,1,2,1,2,1
24,1.048575,1,2,1,3,1
24,0.9645749999,1,2,2,3,1
24,0.883895,0,1,3,2,1
24,1.088995,0,1,2,1,1
24,0.8118750001,1,2,2,1,1
24,0.8380849999,1,2,1,2,1
24,0.9637249999,0,1,1,3,1
24,0.63469,0,2,1,2,1
24,0.5584149999,1,2,3,1,1
24,0.667355,1,1,1,3,1
24,0.70126,0,2,1,3,1
24,0.5579649999,1,2,3,2,1
24,0.9711150001,1,1,2,1,1
24,0.4608750001,1,2,1,2,1
24,0.6313699998,1,2,3,1,1
24,0.6180350001,1,2,3,2,1
24,0.813665,1,1,1,3,1
24,0.7828800001,1,1,2,1,1
24,0.6563349999,0,1,1,2,1
24,0.9748850001,1,2,1,3,1
24,0.8563700002,1,1,3,2,1
24,0.666895,1,2,2,1,1
24,1.03366,0,2,2,1,1
24,0.4800750001,1,1,3,2,1
24,0.6686249999,1,2,2,3,1
24,0.60772,1,1,3,1,1
24,0.5882699999,1,1,1,3,1
24,0.4787249998,1,1,2,1,1
24,0.59427,1,1,2,3,1
24,0.40488,1,2,3,1,1
24,0.2562599999,1,1,3,2,1
24,0.5278,1,2,2,3,1
24,0.5651700001,1,1,3,1,1
24,0.1024149999,0,1,1,2,1
24,0.7609600001,1,1,2,3,1
24,0.6890500002,1,1,3,1,1
24,0.619955,1,2,2,3,1
24,0.6925600001,1,1,1,2,1
24,0.6080499999,1,1,2,3,1
24,0.460245,0,2,1,3,1
24,0.5590950001,1,1,3,1,1
24,0.4377049999,1,1,3,2,1
24,0.4413149999,1,2,3,1,1
25,0.773535,1,1,3,1,1
25,0.66181,1,1,2,3,1
25,1.377955,1,2,2,3,1
25,0.673275,1,1,3,2,1
25,0.904295,1,1,1,2,1
25,0.81267,1,1,3,2,1
25,1.158235,1,2,1,2,1
25,1.25597,0,2,2,1,1
25,0.522455,1,2,3,2,1
25,0.601205,1,2,1,3,1
25,0.76434,1,2,2,1,1
25,0.600455,1,2,3,2,1
25,0.94915,1,1,1,3,1
25,0.632685,1,1,3,1,1
25,1.00703,1,1,2,1,1
25,0.652585,1,1,1,3,1
25,0.466445,1,1,3,2,1
25,0.623105,1,2,3,1,1
25,0.665995,1,1,2,3,1
25,0.9329,1,2,2,3,1
25,0.60989,1,2,3,2,1
25,0.546675,1,2,3,1,1
25,0.565005,1,1,3,2,1
25,0.722205,1,2,2,1,1
25,0.616915,1,2,3,1,1
25,0.731425,1,1,1,3,1
25,0.61623,1,1,1,2,1
25,0.572065,1,1,3,1,1
25,0.647995,1,2,3,1,1
25,0.72095,1,1,2,3,1
25,0.91385,1,2,2,1,1
25,0.61178,1,1,3,1,1
25,0.702675,1,1,3,1,1
25,1.03165,0,1,2,3,1
25,0.64996,1,1,1,3,1
25,0.70119,1,2,3,2,1
25,0.98961,1,1,2,1,1
25,0.558365,1,1,2,1,1
25,1.04143,1,1,2,1,1
25,0.828165,1,2,1,3,1
25,0.92816,1,2,2,3,1
25,0.488225,1,1,1,3,1
25,0.612045,1,1,1,2,1
25,0.513695,1,2,1,3,1
25,0.69032,1,2,3,1,1
25,0.671545,1,1,1,2,1
25,0.639635,1,2,2,1,1
25,0.560515,1,2,3,2,1
25,0.652255,1,2,1,3,1
25,0.6847,1,2,2,3,1
25,0.76458,1,2,1,2,1
25,0.92255,0,2,1,3,1
25,1.96654,0,2,1,2,1
25,0.88404,0,2,2,3,1
25,0.60084,1,2,1,2,1
25,0.59593,1,1,1,2,1
25,0.86078,1,1,3,2,1
25,0.58097,1,2,1,2,1
25,0.71215,1,1,2,1,1
25,0.866385,1,1,2,3,1
26,0.684355,1,1,3,2,1
26,0.69552,1,1,3,2,1
26,0.51346,1,1,3,2,1
26,0.850415,0,1,2,1,1
26,0.85635,1,2,1,2,1
26,0.69022,1,2,3,1,1
26,1.054,1,2,2,1,1
26,0.579055,1,1,2,3,1
26,1.148595,1,1,2,3,1
26,0.6773,1,2,2,1,1
26,0.62589,1,2,2,1,1
26,0.445715,1,2,3,2,1
26,0.965495,0,1,1,3,1
26,0.52831,1,1,3,2,1
26,0.83902,1,1,1,3,1
26,0.51994,1,2,1,3,1
26,0.77888,1,2,2,3,1
26,1.30428,1,1,3,1,1
26,1.094495,1,1,1,3,1
26,0.811425,0,1,1,3,1
26,0.61025,1,2,3,2,1
26,0.841935,1,1,3,1,1
26,0.42106,1,2,3,2,1
26,0.657075,1,2,2,1,1
26,0.473725,1,2,1,3,1
26,0.55292,0,1,1,2,1
26,0.934135,1,1,1,2,1
26,0.676785,1,2,3,2,1
26,0.895485,1,1,2,1,1
26,0.810465,1,2,2,3,1
26,0.43556,1,2,3,1,1
26,0.48812,1,1,3,1,1
26,1.42562,1,1,1,3,1
26,1.177835,1,1,1,2,1
26,1.181625,0,1,1,2,1
26,0.505,1,1,3,2,1
26,0.75979,1,2,2,3,1
26,0.650085,1,2,2,3,1
26,2.44546,1,1,2,1,1
26,0.52918,1,1,2,3,1
26,0.550655,1,2,3,1,1
26,0.452305,1,2,3,2,1
26,0.63448,0,2,1,2,1
26,0.76497,1,1,2,3,1
26,0.46798,1,1,3,1,1
26,0.669865,1,1,2,3,1
26,0.60788,0,1,1,2,1
26,0.600925,1,2,1,2,1
26,0.626695,1,1,2,1,1
26,0.77419,1,2,1,3,1
26,0.54366,1,2,1,2,1
26,0.536365,1,2,3,1,1
26,0.64259,1,2,1,2,1
26,0.5353,1,1,2,1,1
26,0.643005,0,2,2,3,1
26,0.73621,1,2,3,1,1
26,0.9515,0,2,1,3,1
27,0.83859,1,2,1,2,1
27,0.77408,0,1,2,1,1
27,1.099585,1,2,3,2,1
27,0.725205,1,1,3,2,1
27,1.1174,1,2,3,1,1
27,0.957295,1,1,3,2,1
27,0.71826,1,1,1,2,1
27,0.53366,1,1,1,3,1
27,0.691845,1,2,2,1,1
27,0.679635,1,2,2,3,1
27,0.753115,1,2,1,2,1
27,0.72053,1,2,2,1,1
27,0.64751,1,2,1,2,1
27,0.84153,1,1,3,2,1
27,0.656725,1,2,3,1,1
27,0.89852,1,2,2,1,1
27,1.016065,1,2,2,3,1
27,0.67894,1,1,1,2,1
27,0.70485,1,1,2,3,1
27,0.916,1,2,2,3,1
27,0.52691,1,1,1,3,1
27,0.69076,1,2,1,3,1
27,0.67881,0,2,2,3,1
27,0.72802,1,1,2,3,1
27,0.77037,1,1,3,1,1
27,0.62229,1,2,3,2,1
27,0.98718,0,2,1,2,1
27,0.885735,1,2,3,1,1
27,0.73253,1,1,2,1,1
27,0.56119,1,1,1,3,1
27,0.888845,1,2,3,1,1
27,0.687755,1,1,2,1,1
27,0.765245,0,1,2,3,1
27,0.78938,1,1,2,1,1
27,0.862845,1,1,2,1,1
27,0.98848,0,1,2,3,1
27,0.440465,1,1,1,3,1
27,1.295715,1,1,1,2,1
27,1.091565,0,1,3,1,1
27,0.61938,0,2,2,1,1
27,0.656445,1,1,3,1,1
27,0.553675,1,2,2,1,1
27,0.80006,1,2,1,3,1
27,0.44997,1,2,3,2,1
27,0.43677,1,2,3,2,1
27,0.629545,1,2,1,3,1
27,0.907345,0,1,1,3,1
27,0.62364,1,1,3,1,1
27,0.628775,1,1,3,1,1
27,0.517445,1,1,1,2,1
27,0.595705,1,1,3,2,1
27,0.490265,0,1,2,3,1
27,0.513765,1,2,1,2,1
27,0.64193,1,2,1,3,1
27,0.60527,1,2,3,2,1
27,0.70671,1,1,1,2,1
27,0.54909,1,2,3,1,1
27,0.628935,1,1,3,2,1
27,0.60258,0,2,2,3,1
27,0.561705,1,2,1,3,1
28,0.6370650001,1,2,1,2,1
28,0.5114800001,0,1,2,1,1
28,0.5791800001,1,2,3,2,1
28,0.454565,1,1,1,2,1
28,0.4798699999,1,2,2,3,1
28,0.4886349998,0,2,3,2,1
28,0.40539,0,1,2,3,1
28,0.5887149998,1,2,3,2,1
28,0.4730749999,1,1,1,3,1
28,0.5957149998,1,1,2,1,1
28,0.58033,1,1,2,3,1
28,0.4548450001,1,2,2,1,1
28,0.51954,1,1,1,3,1
28,0.584605,1,1,3,2,1
28,0.4999599999,1,1,1,2,1
28,0.4255299999,1,2,3,2,1
28,0.68089,1,2,2,1,1
28,0.5667300001,0,2,1,2,1
28,0.7464349999,1,1,3,1,1
28,0.4976249998,1,2,2,1,1
28,0.591395,1,1,1,3,1
28,0.25498,1,1,3,1,1
28,0.4699200001,1,1,3,2,1
28,1.24021,1,1,2,1,1
28,0.34185,0,2,2,3,1
28,1.55853,0,2,2,1,1
28,1.036945,1,2,3,1,1
28,0.5666150001,1,1,1,2,1
28,1.078025,1,1,1,2,1
28,1.0417,1,2,1,3,1
28,1.115445,0,1,1,3,1
28,0.3528999998,1,2,3,1,1
28,0.8735099998,0,1,2,3,1
28,0.80642,1,2,1,3,1
28,0.6919,1,2,2,3,1
28,1.00271,1,1,3,1,1
28,0.69224,1,1,3,2,1
28,1.11025,1,2,3,1,1
28,0.95316,1,1,3,2,1
28,0.8032249999,1,2,1,3,1
28,0.3463649999,0,1,3,1,1
28,1.56057,1,2,1,2,1
28,1.08624,0,2,2,1,1
28,0.4404150001,0,2,2,3,1
28,0.4346150002,0,1,2,3,1
28,1.048455,0,2,1,2,1
28,0.3802400001,1,1,1,2,1
28,0.359135,1,2,3,1,1
28,0.5347249999,1,2,1,3,1
28,0.3678499998,0,1,2,1,1
28,0.3934550001,1,1,1,3,1
28,0.57816,1,2,1,2,1
28,0.3468500001,1,1,3,1,1
28,1.410435,1,2,3,1,1
28,0.64325,1,1,3,2,1
28,0.749205,1,2,2,3,1
28,1.40153,0,2,3,2,1
28,0.4411849999,0,1,2,3,1
29,0.713565,0,1,1,3,1
29,1.04146,1,1,2,3,1
29,0.883455,0,2,2,1,1
29,0.385885,1,1,1,2,1
29,0.24557,0,2,3,2,1
29,0.98081,1,1,3,2,1
29,1.254585,0,2,2,3,1
29,0.338525,0,2,2,3,1
29,0.72747,0,1,3,2,1
29,0.243805,1,2,1,2,1
29,0.330835,1,1,2,1,1
29,0.30995,0,1,3,2,1
29,0.72182,1,1,2,1,1
29,0.24924,1,2,2,3,1
29,0.17204,0,2,1,2,1
29,0.208315,0,2,1,3,1
29,0.18284,1,2,2,3,1
29,0.35804,0,1,3,2,1
29,1.07155,1,1,1,3,1
29,0.19857,1,2,3,1,1
29,2.0598,1,1,3,2,1
29,0.04308,1,1,2,3,1
29,0.36383,0,2,3,1,1
29,1.63849,1,1,1,3,1
29,0.56178,0,1,1,2,1
29,0.175985,0,1,3,1,1
29,0.15966,1,1,3,1,1
29,1.11323,0,2,1,2,1
29,0.392565,0,1,1,2,1
29,0.567185,1,1,3,1,1
29,0.28668,1,2,1,2,1
29,0.812755,0,2,1,3,1
29,0.04923,1,2,3,2,1
29,0.06236499999,0,1,2,3,1
29,0.210575,0,2,2,1,1
29,0.094545,0,2,3,1,1
29,0.166325,1,2,1,3,1
29,0.24957,1,2,3,1,1
29,0.262455,0,1,1,3,1
29,0.14083,0,1,2,3,1
29,0.23759,1,1,1,2,1
29,0.312205,0,2,2,3,1
29,0.286465,1,1,2,3,1
29,0.25863,1,1,1,3,1
29,0.99835,1,2,2,1,1
29,0.06009000001,0,2,1,3,1
29,0.41621,1,2,3,2,1
29,0.367295,0,1,2,1,1
29,0.367695,1,2,1,2,1
29,0.272735,0,2,2,1,1
29,0.8873,1,2,3,2,1
29,0.709875,1,2,3,1,1
29,0.249555,0,2,3,2,1
29,0.643,1,2,1,3,1
30,0.686425,1,2,3,1,1
30,0.723145,1,1,1,2,1
30,1.184105,1,1,3,2,1
30,0.7693,1,1,1,3,1
30,0.61747,1,1,3,1,1
30,0.80802,1,1,2,1,1
30,0.644865,1,2,1,3,1
30,0.736125,0,1,1,2,1
30,0.87837,1,2,1,3,1
30,0.95245,0,2,1,2,1
30,0.79138,1,1,3,1,1
30,1.088055,0,2,2,3,1
30,0.54145,1,1,1,3,1
30,0.688505,1,2,2,3,1
30,0.75394,1,1,3,1,1
30,0.583455,1,2,3,2,1
30,0.629555,1,2,3,2,1
30,0.618065,1,2,1,2,1
30,0.795635,0,2,3,1,1
30,0.75936,0,1,2,3,1
30,0.57571,1,2,1,2,1
30,0.557275,1,2,3,1,1
30,0.62948,1,1,2,1,1
30,0.684835,1,2,1,3,1
30,1.52645,1,2,1,2,1
30,0.46719,1,2,3,1,1
30,0.44481,1,2,3,2,1
30,0.50519,1,2,3,2,1
30,0.860135,1,2,3,2,1
30,0.72597,1,1,1,3,1
30,0.60479,0,1,2,3,1
30,0.604525,1,2,2,1,1
30,0.516,1,2,2,1,1
30,0.50624,1,1,3,2,1
30,0.818855,1,2,2,3,1
30,0.73016,1,1,1,2,1
30,0.702215,1,2,2,1,1
30,0.89244,1,2,2,3,1
30,0.500715,0,1,3,1,1
30,0.642175,1,1,2,1,1
30,0.192455,1,1,2,3,1
30,0.62572,1,1,2,1,1
30,0.638115,1,1,3,2,1
30,0.747955,0,2,2,1,1
30,0.984895,1,1,1,2,1
30,0.76319,1,2,1,2,1
30,1.102725,1,2,2,3,1
30,0.614145,1,1,1,3,1
30,0.529145,1,2,1,3,1
30,0.542235,0,1,3,2,1
30,0.736545,0,1,1,2,1
30,0.47668,1,1,3,2,1
30,0.57139,0,1,2,3,1
30,0.962595,1,2,3,1,1
30,0.40701,1,2,1,3,1
30,0.69497,0,1,3,1,1
30,0.475635,1,1,2,1,1
30,0.536295,1,1,2,3,1
30,0.55985,0,2,2,1,1
31,1.03003,1,1,2,3,1
31,0.959765,0,2,2,1,1
31,0.784855,1,2,1,3,1
31,0.8514150002,1,2,2,1,1
31,0.8591150001,1,1,3,2,1
31,0.6415899999,1,2,3,2,1
31,0.73814,1,1,3,1,1
31,0.8317149999,1,1,2,3,1
31,0.6409049998,1,1,3,2,1
31,0.848305,1,2,2,3,1
31,1.19884,1,1,1,2,1
31,0.6787,1,1,3,1,1
31,0.50449,1,2,3,2,1
31,0.6617150002,1,2,1,2,1
31,0.68251,1,2,2,3,1
31,0.8439800001,1,2,2,1,1
31,0.7024350001,1,1,2,1,1
31,0.6143450001,1,1,3,1,1
31,0.7291349999,1,2,2,1,1
31,0.5585650001,1,2,3,1,1
31,0.6877149998,1,1,1,3,1
31,0.691595,1,2,2,3,1
31,0.59372,1,1,3,1,1
31,1.04135,1,2,1,3,1
31,0.78994,1,1,1,2,1
31,0.6460850001,1,2,3,2,1
31,0.6564550002,1,1,1,3,1
31,0.511315,1,2,3,1,1
31,0.529785,1,2,3,1,1
31,0.6141649999,1,2,1,3,1
31,0.6810299999,1,2,2,1,1
31,0.5057699999,1,2,3,1,1
31,0.742665,1,1,2,1,1
31,0.6116699998,1,2,1,2,1
31,0.6146799999,1,2,1,3,1
31,0.7170750001,1,1,2,3,1
31,0.87882,1,1,2,3,1
31,0.6704499999,0,1,2,1,1
31,0.697805,1,1,1,2,1
31,0.5600699999,1,2,3,1,1
31,0.6784600001,1,1,1,3,1
31,0.6250800001,1,2,2,3,1
31,0.79293,1,1,2,1,1
31,0.9223,1,1,1,2,1
31,0.6265700001,0,1,2,3,1
31,0.8083350002,1,2,1,2,1
31,0.6187249999,1,1,3,1,1
31,0.82229,1,2,1,2,1
31,0.74706,1,2,3,2,1
31,0.6990050001,1,2,1,2,1
31,0.77073,1,1,1,3,1
31,0.5521149999,1,2,3,2,1
31,0.64796,1,2,1,3,1
31,0.6529399999,1,2,2,3,1
31,0.5744449999,1,1,3,2,1
31,0.7089750001,1,1,2,1,1
31,1.015895,1,1,3,2,1
31,0.6733800001,1,1,1,3,1
31,0.52333,1,1,3,2,1
31,0.6919799999,1,1,1,2,1
32,0.84074,1,1,2,1,1
32,0.84644,1,2,2,1,1
32,0.74845,1,2,2,1,1
32,0.6424,1,1,3,2,1
32,0.48114,1,1,3,2,1
32,0.903685,0,2,2,1,1
32,0.646495,1,1,2,1,1
32,1.069345,0,2,3,2,1
32,0.70306,1,2,1,3,1
32,1.000135,1,1,3,1,1
32,0.892235,1,2,2,3,1
32,1.043485,1,2,3,2,1
32,1.4135,0,2,1,3,1
32,1.03979,1,1,1,3,1
32,1.011805,1,2,1,2,1
32,0.88226,1,2,1,3,1
32,1.170025,1,2,3,1,1
32,0.997115,1,1,3,2,1
32,1.150935,1,2,3,1,1
32,1.07869,0,1,1,2,1
32,0.63274,0,2,3,2,1
32,0.80774,0,2,1,3,1
32,1.647165,0,1,1,3,1
32,0.97309,1,1,2,3,1
32,0.654375,1,1,2,3,1
32,0.746715,1,1,2,1,1
32,0.855285,1,1,2,3,1
32,1.04438,1,1,1,3,1
32,0.972755,1,2,1,2,1
32,0.82437,1,1,1,2,1
32,1.1296,0,2,2,1,1
32,0.722055,0,1,2,1,1
32,0.83746,1,1,2,3,1
32,0.887255,1,2,2,3,1
32,1.07802,1,2,3,2,1
32,1.094045,0,2,2,1,1
32,0.824785,1,1,3,2,1
32,0.79571,1,2,3,1,1
32,0.83969,1,2,2,3,1
32,1.240025,0,1,3,1,1
32,1.353395,1,2,2,3,1
32,0.802685,1,1,2,3,1
32,0.540195,1,1,3,1,1
32,1.62244,1,2,1,2,1
32,1.001445,1,1,1,3,1
32,0.870445,1,1,3,2,1
32,0.805405,1,2,3,1,1
32,0.939425,1,2,1,2,1
32,0.94357,1,2,1,3,1
32,0.808785,1,1,1,3,1
32,0.92539,1,1,2,1,1
32,0.72034,1,1,1,2,1
32,0.827745,1,2,3,2,1
32,0.947495,0,1,1,2,1
32,0.807875,1,1,3,1,1
32,1.05061,1,2,3,1,1
32,0.85058,1,1,3,1,1
32,0.64849,1,2,1,2,1
32,0.552725,1,2,2,3,1
33,1.53366,0,2,2,3,1
33,0.9277,1,1,3,1,1
33,1.412515,1,1,1,3,1
33,1.500315,0,1,1,2,1
33,1.059655,1,2,1,2,1
33,1.22626,1,2,2,3,1
33,0.613185,1,1,3,2,1
33,0.970395,1,2,1,3,1
33,0.76656,1,2,1,3,1
33,0.735985,1,2,3,1,1
33,0.99942,1,1,2,3,1
33,1.22051,1,1,3,1,1
33,0.980385,1,2,3,1,1
33,1.12178,1,1,2,1,1
33,0.76031,1,1,3,2,1
33,1.419355,1,1,1,3,1
33,1.2956,1,1,1,2,1
33,1.152705,1,2,3,1,1
33,1.01441,1,1,1,2,1
33,1.130955,1,1,1,3,1
33,1.054785,1,1,2,3,1
33,1.111495,1,2,1,2,1
33,0.940755,1,2,1,2,1
33,1.13782,1,2,1,3,1
33,0.9980349999,1,2,1,3,1
33,0.964705,1,1,1,2,1
33,1.107225,1,1,2,3,1
33,1.02817,1,1,3,1,1
33,0.882965,1,1,2,3,1
33,1.048625,1,2,1,2,1
33,0.917185,1,1,1,3,1
33,1.06704,1,2,2,1,1
33,1.08099,1,2,2,1,1
33,1.043415,1,1,2,1,1
33,0.96179,1,2,2,1,1
33,1.146315,1,1,2,1,1
33,1.35905,1,2,2,3,1
33,0.96667,1,1,3,2,1
33,1.112245,1,2,2,1,1
33,1.44362,1,2,3,2,1
33,1.006415,1,2,3,1,1
33,0.8417099999,1,2,1,3,1
33,1.05132,1,1,2,1,1
33,1.145165,1,1,2,1,1
33,1.12557,1,2,1,2,1
33,1.04089,1,1,3,1,1
33,0.93848,1,2,2,1,1
33,0.935665,1,1,3,1,1
33,1.41949,1,1,1,2,1
33,1.028925,1,1,3,2,1
33,1.01944,1,2,3,2,1
33,1.06757,1,2,3,1,1
33,1.066705,1,2,2,3,1
33,1.23973,1,2,3,2,1
33,0.9376650001,1,1,1,3,1
33,1.08042,1,2,3,2,1
33,0.8549350001,1,2,3,2,1
33,1.517045,0,2,2,3,1
33,0.99116,1,1,3,2,1
33,0.99442,1,1,2,3,1
34,1.322,1,1,1,3,1
34,0.894,1,2,3,2,1
34,1.051,1,1,1,2,1
34,0.799,1,2,3,1,1
34,0.748,1,2,1,2,1
34,0.719,1,1,2,1,1
34,0.56,1,2,1,2,1
34,1.007,0,1,2,3,1
34,0.907,1,1,2,1,1
34,1.147,1,1,3,1,1
34,1.079,1,2,3,2,1
34,0.92,1,1,2,1,1
34,0.926,1,2,2,1,1
34,0.683,1,2,2,1,1
34,1.012,1,2,2,3,1
34,0.971,1,1,1,3,1
34,0.82,1,1,3,2,1
34,0.943,1,2,3,2,1
34,0.792,1,2,2,3,1
34,0.852,1,1,1,2,1
34,0.966,1,2,2,1,1
34,0.962,1,1,2,3,1
34,1.044,0,1,2,3,1
34,1.009,1,1,2,3,1
34,0.891,1,2,2,1,1
34,0.944,1,2,2,3,1
34,0.793,1,2,3,1,1
34,0.81,1,1,3,2,1
34,0.925,1,2,2,3,1
34,1.27,0,1,1,3,1
34,1.055,1,1,1,2,1
34,0.868,1,2,2,3,1
34,1.074,1,1,1,3,1
34,0.843,1,2,1,3,1
34,1.121,1,1,1,3,1
34,0.616,1,1,3,2,1
34,1.265,1,2,3,2,1
34,1.703,1,2,1,2,1
34,1.245,1,2,3,1,1
34,1.191,1,1,1,2,1
34,1.109,1,1,3,1,1
34,0.908,1,2,1,3,1
34,0.942,1,2,1,3,1
34,0.828,1,1,2,3,1
34,0.937,1,1,2,1,1
34,0.891,1,2,1,2,1
34,0.791,1,2,3,1,1
34,0.895,1,1,3,2,1
34,0.834,1,1,3,1,1
34,1.021,1,2,2,1,1
34,1.327,1,1,3,1,1
34,1.313,0,2,1,3,1
34,1.253,1,2,1,3,1
34,0.944,1,1,2,1,1
34,1.061,1,2,3,1,1
34,0.879,1,1,3,2,1
34,0.968,1,1,1,2,1
34,0.935,1,2,1,2,1
34,2.15,1,2,3,2,1
34,0.989,1,1,3,1,1
35,0.707235,1,2,3,2,1
35,0.9774699999,1,1,1,2,1
35,1.077555,0,1,1,3,1
35,0.69388,1,2,3,1,1
35,0.624875,1,1,3,1,1
35,0.5131099999,1,1,3,2,1
35,0.716135,1,2,2,3,1
35,0.8049399999,0,2,1,3,1
35,0.65732,0,2,1,3,1
35,0.9045449999,0,1,1,2,1
35,1.504075,1,2,2,1,1
35,1.375345,1,2,1,3,1
35,0.892205,0,1,2,3,1
35,0.9275,0,2,1,2,1
35,1.15879,1,1,1,2,1
35,0.9413500001,1,2,3,2,1
35,0.9157199999,1,1,3,1,1
35,1.115245,1,2,3,1,1
35,1.10252,0,1,2,3,1
35,1.06081,1,2,1,2,1
35,1.06219,1,2,1,2,1
35,0.778795,1,2,2,3,1
35,0.9595550001,1,2,1,2,1
35,0.911775,1,1,3,1,1
35,0.968735,1,1,1,2,1
35,0.923965,1,1,3,2,1
35,0.923175,1,2,2,3,1
35,0.9339599999,0,2,2,1,1
35,1.016935,1,1,1,2,1
35,0.94726,0,2,2,3,1
35,1.03121,1,1,2,1,1
35,1.027665,1,1,3,1,1
35,1.10765,0,1,2,3,1
35,0.97442,1,1,1,3,1
35,1.11727,1,2,3,2,1
35,0.9081,1,1,2,1,1
35,0.87569,1,1,1,3,1
35,0.8182849999,1,2,2,1,1
35,0.969165,1,2,3,1,1
35,1.019785,1,2,3,1,1
35,1.06313,0,1,2,1,1
35,0.98219,1,1,3,2,1
35,0.940745,1,2,2,1,1
35,0.9245999999,0,2,1,2,1
35,0.9757899999,0,1,2,1,1
35,1.12588,1,2,3,2,1
35,1.220285,1,2,2,3,1
35,1.08479,0,1,1,3,1
35,1.23064,1,2,1,3,1
35,1.455845,0,2,2,1,1
35,1.114985,1,1,2,3,1
35,1.17063,1,1,2,3,1
35,1.19292,1,1,3,2,1
35,0.9974699999,1,2,3,2,1
35,1.06193,0,1,1,3,1
35,0.93996,1,1,3,2,1
35,0.9765249999,1,1,3,1,1
35,1.083845,1,1,2,1,1
35,0.9446800001,1,2,3,1,1
35,1.04974,0,2,1,3,1
36,1.07036,1,1,1,3,1
36,1.067645,1,2,2,3,1
36,0.914905,1,2,3,2,1
36,1.251235,1,1,1,2,1
36,0.80894,1,1,2,3,1
36,0.78001,1,1,1,3,1
36,0.91266,1,1,2,1,1
36,0.869185,1,1,3,1,1
36,0.774775,1,2,2,3,1
36,0.979775,0,2,1,2,1
36,0.68616,1,2,3,2,1
36,0.898195,1,2,1,3,1
36,0.66812,1,1,1,3,1
36,0.610065,1,1,3,2,1
36,0.906485,1,2,2,3,1
36,0.94836,1,2,3,1,1
36,0.76375,1,2,1,2,1
36,0.69783,1,1,1,2,1
36,0.73417,1,1,3,1,1
36,0.658135,1,2,1,2,1
36,0.84474,0,2,1,3,1
36,1.17225,0,2,2,1,1
36,0.89085,1,2,2,1,1
36,0.867705,1,2,3,2,1
36,0.969265,1,1,2,1,1
36,0.75984,1,1,1,2,1
36,0.711405,1,1,2,3,1
36,0.879785,1,1,1,2,1
36,0.931295,1,2,1,3,1
36,0.67392,1,1,3,2,1
36,0.57636,1,2,2,1,1
36,0.651385,1,1,2,3,1
36,1.17314,0,2,1,3,1
36,0.704615,1,1,3,2,1
36,0.86076,1,2,1,3,1
36,0.805245,1,2,2,3,1
36,0.777265,1,1,2,1,1
36,0.963435,1,1,3,1,1
36,0.78871,1,2,2,1,1
36,0.823175,1,2,1,2,1
36,0.806065,1,2,3,2,1
36,0.702285,1,2,1,2,1
36,0.65189,1,2,3,2,1
36,0.72294,1,1,1,3,1
36,0.71351,1,2,3,1,1
36,0.835605,1,2,3,1,1
36,0.90071,1,1,2,1,1
36,0.63905,1,1,3,2,1
36,0.863375,1,2,2,3,1
36,0.65178,1,1,3,1,1
36,1.16871,1,2,3,1,1
36,0.83,0,1,2,1,1
36,0.492925,1,1,3,2,1
36,0.86343,1,1,2,3,1
36,0.73466,1,1,1,3,1
36,0.853675,1,2,2,1,1
36,0.598785,1,1,1,2,1
36,0.635195,1,2,3,1,1
36,0.65038,1,1,3,1,1
36,0.99157,0,1,2,3,1
37,1.20456,1,1,2,3,1
37,0.90484,1,2,3,2,1
37,1.231655,1,2,2,1,1
37,0.75236,1,2,1,3,1
37,0.961695,1,1,1,3,1
37,1.36223,1,1,3,1,1
37,1.21979,1,1,1,2,1
37,1.13372,1,1,3,2,1
37,1.303075,1,2,3,1,1
37,1.37372,1,1,1,3,1
37,1.167755,1,2,2,1,1
37,0.917795,1,1,1,3,1
37,1.21152,1,2,2,3,1
37,0.90099,1,1,3,1,1
37,1.265715,1,2,3,2,1
37,1.02305,1,1,1,2,1
37,0.882405,1,2,2,1,1
37,0.78257,1,2,3,2,1
37,0.91802,1,1,3,1,1
37,1.201625,1,1,2,3,1
37,1.02762,1,1,1,2,1
37,0.948945,1,2,1,3,1
37,1.11096,1,2,1,2,1
37,1.385335,1,2,1,3,1
37,1.114365,1,1,2,1,1
37,0.74022,1,2,3,2,1
37,1.01182,1,1,1,3,1
37,0.66307,1,1,3,1,1
37,0.72972,1,2,1,2,1
37,0.91212,1,2,2,3,1
37,0.733775,1,2,3,1,1
37,0.76391,1,1,3,1,1
37,0.69767,1,2,2,3,1
37,0.81215,1,2,1,3,1
37,0.569675,1,1,3,2,1
37,0.52922,1,2,3,2,1
37,0.595625,0,2,1,2,1
37,1.03212,1,1,1,2,1
37,0.68779,1,2,1,2,1
37,0.69845,1,1,2,1,1
37,0.783845,1,2,2,3,1
37,0.494855,1,1,3,2,1
37,0.60549,1,1,2,3,1
37,0.716765,1,1,1,2,1
37,0.82291,1,2,2,1,1
37,0.555205,1,2,2,3,1
37,0.55288,1,2,3,1,1
37,0.70294,1,2,3,1,1
37,0.798545,1,1,1,3,1
37,0.691995,1,1,2,1,1
37,1.00768,1,1,2,1,1
37,0.650475,1,2,1,2,1
37,0.7026,1,1,2,1,1
37,0.81132,1,1,2,3,1
37,0.5687,1,2,3,1,1
37,0.656195,1,2,1,3,1
37,0.637935,1,1,3,2,1
37,0.722105,1,1,2,3,1
37,0.69226,1,1,3,2,1
37,0.918675,0,2,2,1,1
38,0.600525,0,1,2,1,1
38,0.618975,0,2,3,2,1
38,0.49602,1,1,3,1,1
38,0.621635,0,1,3,2,1
38,0.671865,0,2,1,3,1
38,0.61745,1,2,2,3,1
38,0.58879,1,2,3,1,1
38,0.529535,1,2,2,1,1
38,0.52297,1,1,1,3,1
38,0.65716,1,1,3,1,1
38,0.611645,0,2,2,3,1
38,0.834865,0,1,2,1,1
38,0.78136,1,1,2,3,1
38,0.83683,1,2,3,2,1
38,1.14481,0,2,3,2,1
38,0.81851,1,2,3,1,1
38,0.689875,1,1,2,3,1
38,1.03258,1,2,3,2,1
38,1.084945,1,1,3,2,1
38,1.01306,1,1,1,3,1
38,1.07966,1,2,3,2,1
38,0.97071,0,1,2,1,1
38,0.88671,1,1,1,2,1
38,0.75216,1,2,1,2,1
38,1.249695,1,2,2,3,1
38,0.887735,1,1,1,3,1
38,1.03657,1,2,1,3,1
38,0.83477,1,2,1,3,1
38,0.75039,1,2,2,1,1
38,1.061515,1,1,2,3,1
38,1.21769,1,2,3,1,1
38,1.027625,1,1,2,3,1
38,1.372595,1,1,1,3,1
38,1.093665,1,1,3,2,1
38,0.97195,1,1,1,2,1
38,0.92989,1,2,3,1,1
38,0.734405,1,1,3,1,1
38,0.887895,1,1,2,1,1
38,1.05712,1,1,3,2,1
38,0.947855,1,2,1,2,1
38,1.097175,1,2,2,1,1
38,0.92469,0,2,2,1,1
38,1.20023,1,1,3,2,1
38,0.810705,1,1,3,1,1
38,0.681465,1,1,1,2,1
38,1.123205,1,1,2,3,1
38,0.857325,1,2,1,3,1
38,1.18037,1,2,3,1,1
38,1.306425,1,1,1,2,1
38,1.22371,1,2,1,2,1
38,0.702845,1,2,2,3,1
38,0.73493,1,2,2,3,1
38,0.825285,0,1,3,1,1
38,0.8656,1,2,1,3,1
38,0.815025,1,2,2,1,1
38,0.62488,1,2,1,2,1
38,0.853055,1,1,1,3,1
38,0.890075,1,1,1,2,1
38,0.788715,1,2,1,2,1
39,0.662,0,2,3,2,1
39,0.611,0,2,3,1,1
39,0.846,1,2,3,2,1
39,0.56,1,1,3,2,1
39,0.775,1,2,2,3,1
39,0.817,1,1,3,1,1
39,0.664,0,1,2,3,1
39,0.584,1,2,3,1,1
39,0.732,0,2,2,1,1
39,0.626,0,1,1,3,1
39,0.701,1,1,3,2,1
39,0.498,1,1,3,1,1
39,0.677,1,1,2,3,1
39,0.522,0,1,2,1,1
39,0.776,0,2,2,3,1
39,0.574,0,2,3,1,1
39,0.506,1,2,1,3,1
39,0.45,0,2,2,1,1
39,0.492,0,1,2,1,1
39,0.631,1,2,1,2,1
39,0.645,0,2,2,1,1
39,0.556,0,1,3,1,1
39,0.627,0,1,1,2,1
39,0.545,1,1,1,2,1
39,0.453,0,2,3,1,1
39,0.541,0,1,1,3,1
39,0.622,1,2,3,2,1
39,0.495,1,2,1,2,1
39,0.659,1,2,1,3,1
39,0.52,1,1,2,1,1
39,0.604,1,1,1,3,1
39,0.621,1,1,3,2,1
39,0.602,1,2,1,3,1
39,0.565,0,2,2,3,1
39,1.51,0,2,3,1,1
39,0.554,0,2,2,3,1
39,0.749,0,1,2,1,1
39,0.578,1,2,1,2,1
39,0.706,1,1,2,3,1
39,0.638,0,1,1,2,1
39,0.469,0,2,2,1,1
39,0.454,0,1,3,1,1
39,0.563,0,2,3,2,1
39,0.42,0,1,1,2,1
39,0.444,0,2,1,2,1
39,0.49,0,2,2,3,1
39,0.65,1,2,1,3,1
39,0.62,1,1,2,1,1
39,0.405,0,1,2,3,1
39,0.662,1,2,1,3,1
39,0.491,0,1,3,2,1
39,0.473,1,1,3,2,1
39,0.555,1,2,3,2,1
39,0.536,0,1,3,1,1
39,0.623,1,2,2,1,1
39,0.671,1,1,1,2,1
39,0.619,0,1,1,3,1
39,0.647,0,2,1,2,1
39,0.685,0,1,1,3,1
39,0.608,0,1,2,3,1
40,1.37114,1,1,3,2,1
40,1.078825,1,1,2,1,1
40,1.062845,0,2,1,2,1
40,0.76413,1,2,1,2,1
40,0.98591,0,2,1,3,1
40,0.651945,1,2,2,3,1
40,0.42105,1,2,3,1,1
40,0.778865,1,2,2,1,1
40,0.538065,1,1,2,3,1
40,0.396945,1,2,3,2,1
40,0.996485,1,2,3,2,1
40,1.009645,0,2,2,3,1
40,0.80158,1,2,1,2,1
40,0.861605,0,1,2,3,1
40,0.656565,1,2,1,2,1
40,0.36528,1,2,3,1,1
40,0.374425,1,1,3,1,1
40,1.142355,0,2,1,3,1
40,0.51595,1,1,3,2,1
40,0.93674,0,1,1,3,1
40,1.006495,1,1,2,3,1
40,0.61444,1,1,1,3,1
40,0.404395,1,1,3,2,1
40,0.994995,0,2,1,3,1
40,0.51175,0,2,3,1,1
40,0.66983,1,1,2,3,1
40,0.477685,1,1,3,2,1
40,0.710675,1,1,2,1,1
40,0.421285,1,2,3,1,1
40,0.69153,0,1,1,3,1
40,0.582865,1,1,1,2,1
40,0.592205,1,2,2,1,1
40,0.548775,1,1,1,2,1
40,0.57969,1,1,1,2,1
40,0.753415,1,2,2,3,1
40,1.07338,1,2,2,1,1
40,1.16579,0,1,1,2,1
40,0.41581,1,2,3,1,1
40,0.37545,1,1,3,1,1
40,0.586605,1,1,3,1,1
40,0.588275,1,1,1,3,1
40,0.46769,1,1,3,2,1
40,0.479865,1,2,2,1,1
40,0.559365,1,2,3,2,1
40,0.55297,1,2,2,3,1
40,0.53402,1,2,2,3,1
40,0.643545,1,1,2,3,1
40,0.38089,1,2,1,2,1
40,0.862085,1,2,3,2,1
40,0.66273,1,1,2,1,1
40,0.883715,1,1,1,2,1
40,0.442515,1,1,3,1,1
40,0.57894,1,2,1,3,1
40,1.8019,0,1,2,1,1
40,1.553855,1,2,2,1,1
40,0.84557,0,2,1,3,1
40,0.637535,1,1,2,1,1
40,0.629615,1,2,3,2,1
40,0.402565,1,1,3,1,1
40,0.602775,1,1,1,3,1
41,0.762,0,2,2,1,1
41,1.032,0,1,2,1,1
41,1.203,1,1,3,2,1
41,0.9,0,1,2,1,1
41,1.329,1,1,2,3,1
41,0.752,0,1,3,1,1
41,0.842,0,2,3,2,1
41,0.997,1,1,2,1,1
41,1.492,1,1,1,2,1
41,1.252,1,2,2,3,1
41,1.254,1,1,3,1,1
41,1.433,0,2,1,3,1
41,1.484,1,2,3,1,1
41,1.336,0,1,3,1,1
41,1.48,1,2,2,3,1
41,1.484,1,2,2,1,1
41,1.262,1,1,2,3,1
41,1.055,1,1,1,3,1
41,1.675,1,1,1,2,1
41,1.3,1,1,3,2,1
41,1.252,1,2,2,1,1
41,1.259,1,1,2,1,1
41,1.288,1,1,3,2,1
41,1.121,1,1,1,2,1
41,1.115,1,1,2,3,1
41,1.313,1,2,3,2,1
41,1.101,1,2,3,1,1
41,1.191,1,2,3,1,1
41,1.473,1,2,3,1,1
41,1.369,1,2,1,3,1
41,1.39,0,1,3,1,1
41,1.574,1,2,2,3,1
41,1.27,0,2,1,3,1
41,1.55,0,2,1,3,1
41,1.169,1,1,1,2,1
41,1.693,1,1,2,1,1
41,1.017,1,2,3,2,1
41,1.362,1,2,1,2,1
41,1.185,1,2,2,1,1
41,1.706,1,1,1,3,1
41,1.03,1,2,3,2,1
41,1.367,1,1,3,2,1
41,1.018,1,1,1,3,1
41,1.037,1,1,1,3,1
41,1.134,1,2,3,1,1
41,1.398,1,2,1,3,1
41,1.314,1,2,2,1,1
41,1.155,1,1,3,2,1
41,1.068,1,2,1,2,1
41,1.207,1,2,1,2,1
41,1.41,1,1,2,3,1
41,1.195,1,2,1,2,1
41,1.581,1,1,1,2,1
41,1.057,1,1,3,1,1
41,1.255,1,2,3,2,1
41,1.231,1,2,2,3,1
41,1.129,1,2,2,3,1
41,0.851,0,2,1,2,1
41,1.488,1,1,2,3,1
41,1.002,0,1,1,3,1
42,0.68969,0,2,1,3,1
42,1.09798,0,2,1,3,1
42,1.234095,1,2,3,1,1
42,0.91938,1,2,1,2,1
42,0.606715,1,2,3,2,1
42,0.47189,1,1,2,3,1
42,0.84631,1,1,1,2,1
42,0.587575,1,1,1,2,1
42,0.851325,1,1,2,3,1
42,0.79463,1,2,1,3,1
42,1.481375,0,1,2,1,1
42,0.656215,1,1,2,1,1
42,0.63406,1,1,3,2,1
42,1.499245,1,2,2,1,1
42,1.35683,0,2,1,2,1
42,0.843545,1,2,2,1,1
42,1.232255,0,2,2,3,1
42,1.06082,1,2,1,3,1
42,0.95814,0,1,3,1,1
42,0.914915,1,1,3,1,1
42,1.22731,0,1,1,3,1
42,1.568445,1,1,1,3,1
42,1.7185,1,1,2,1,1
42,1.3866,1,2,3,2,1
42,2.19693,0,1,1,2,1
42,0.77787,1,1,2,3,1
42,1.923445,0,2,2,3,1
42,0.68797,0,1,1,3,1
42,0.672445,0,2,1,3,1
42,1.37356,1,2,2,3,1
42,2.449145,1,2,3,1,1
42,0.963795,1,2,3,1,1
42,1.18177,1,1,3,2,1
42,2.224505,0,1,1,3,1
42,0.90947,1,1,2,3,1
42,1.93483,0,2,2,3,1
42,0.94314,1,2,2,1,1
42,0.99762,1,2,2,1,1
42,2.397115,0,2,3,2,1
42,1.075175,1,2,1,2,1
42,0.88789,1,2,3,2,1
42,1.145665,0,2,3,1,1
42,0.87801,1,1,3,2,1
42,1.27792,1,1,2,1,1
42,1.388145,1,2,3,2,1
42,1.09413,1,2,1,2,1
42,1.719305,1,1,1,2,1
42,1.18534,1,2,2,1,1
42,0.964195,1,1,1,2,1
42,1.282855,1,1,3,2,1
42,1.81868,0,1,2,3,1
42,2.055065,1,1,3,1,1
42,1.214485,1,2,1,2,1
42,1.54055,1,1,3,2,1
42,1.59001,1,2,3,1,1
42,1.15588,1,1,2,1,1
42,1.596095,1,1,1,3,1
43,0.9870600002,1,2,2,1,1
43,1.02339,1,2,2,3,1
43,1.10903,0,1,2,1,1
43,0.80323,1,1,3,1,1
43,1.255445,1,1,1,2,1
43,1.127865,1,2,1,2,1
43,0.5989950001,1,1,3,1,1
43,1.0276,1,1,1,2,1
43,0.6138300002,1,2,2,3,1
43,0.9638400001,1,1,3,2,1
43,0.9184349999,1,1,1,3,1
43,0.8052650001,1,2,3,2,1
43,1.404385,1,1,3,2,1
43,1.160455,1,2,3,2,1
43,1.11648,1,2,1,3,1
43,0.63711,1,1,3,2,1
43,1.344145,1,1,1,3,1
43,1.1012,1,1,1,3,1
43,0.8477100001,1,1,1,3,1
43,1.232085,0,1,2,3,1
43,0.7168899998,1,2,2,3,1
43,1.00552,1,2,1,2,1
43,0.872245,1,2,3,1,1
43,0.9484250001,1,1,1,2,1
43,1.060235,1,2,1,2,1
43,1.1086,1,2,3,2,1
43,0.8939500002,1,1,3,2,1
43,0.54581,1,1,3,2,1
43,0.7752,1,2,1,2,1
43,0.8854150001,1,1,2,1,1
43,0.70707,1,1,3,1,1
43,0.7158050002,1,2,2,1,1
43,1.06823,1,1,1,2,1
43,0.993125,1,2,3,2,1
43,0.829345,1,1,2,3,1
43,0.7257150002,1,2,2,1,1
43,0.9515200001,1,2,2,1,1
43,0.8022350001,1,1,2,3,1
43,0.9419699998,1,2,2,3,1
43,1.417605,1,1,1,2,1
43,0.644755,1,1,3,1,1
43,0.647255,1,1,2,1,1
43,0.8206,1,2,2,3,1
43,0.7068050001,1,1,2,3,1
43,0.7981050001,1,2,1,3,1
43,0.6799949999,1,2,3,1,1
43,0.8855049999,1,2,1,2,1
43,0.6353150001,1,2,3,2,1
43,0.52954,1,2,3,1,1
43,0.45842,1,1,3,1,1
43,0.7454300001,1,2,1,3,1
43,0.8372599999,1,1,1,3,1
43,0.7474849999,1,1,2,1,1
43,0.6873249998,1,1,2,1,1
43,0.6427750001,1,2,1,3,1
43,0.57657,1,2,1,3,1
43,0.5682450002,1,2,3,1,1
43,0.670165,1,2,3,1,1
43,0.8094550001,1,2,2,1,1
44,1.06496,1,1,1,2,1
44,0.923165,1,2,3,2,1
44,0.77083,1,1,1,2,1
44,0.89578,1,2,3,1,1
44,1.15583,1,1,2,1,1
44,1.17355,1,1,2,1,1
44,1.241275,1,1,3,1,1
44,0.972905,0,1,2,1,1
44,0.777405,1,2,2,1,1
44,0.830035,1,2,2,3,1
44,0.930455,1,1,3,1,1
44,0.580445,1,2,3,1,1
44,0.818765,1,2,2,1,1
44,0.63531,1,1,1,2,1
44,0.857795,1,2,3,1,1
44,0.95182,1,2,1,2,1
44,0.646595,0,2,1,3,1
44,0.95881,1,2,1,2,1
44,0.779565,1,1,3,2,1
44,0.79797,1,2,1,3,1
44,0.590185,1,2,2,3,1
44,0.74252,1,2,3,2,1
44,0.69495,0,1,2,3,1
44,0.660325,1,2,3,1,1
44,0.637055,0,2,1,3,1
44,0.634865,1,2,2,1,1
44,0.557475,1,1,1,2,1
44,0.833015,1,1,2,3,1
44,1.479725,1,1,3,1,1
44,0.80595,1,1,1,3,1
44,0.88844,1,1,2,3,1
44,0.617975,0,1,1,3,1
44,0.95762,1,1,3,2,1
44,1.009835,1,1,1,3,1
44,0.918865,1,1,2,1,1
44,0.90938,1,2,3,2,1
44,0.69504,0,1,3,2,1
44,0.67066,1,2,3,2,1
44,0.80724,1,2,2,1,1
44,0.628415,1,2,1,2,1
44,0.595585,0,2,2,3,1
44,0.76614,0,2,2,3,1
44,0.6009,1,1,3,2,1
44,0.65133,1,1,1,3,1
44,0.73208,1,2,1,2,1
44,0.61813,1,1,2,3,1
44,0.72981,1,1,3,2,1
44,0.7779,1,1,1,3,1
44,0.758815,1,2,2,3,1
44,0.596335,1,1,2,1,1
44,0.542785,0,2,3,2,1
44,0.633245,1,2,1,2,1
44,0.633225,1,1,1,2,1
44,0.651915,1,2,2,1,1
44,0.736465,1,2,1,3,1
44,0.52687,0,1,3,1,1
44,0.64136,1,2,1,3,1
44,0.5131,0,1,3,1,1
44,0.573315,0,1,2,3,1
45,0.947,0,2,3,1,1
45,0.608,0,1,2,3,1
45,0.634,1,2,1,2,1
45,0.851,0,2,3,2,1
45,0.555,1,1,3,2,1
45,0.546,1,2,1,3,1
45,0.627,1,2,1,3,1
45,0.568,1,1,1,2,1
45,0.432,1,2,3,2,1
45,0.438,1,1,2,1,1
45,0.558,1,2,2,1,1
45,0.531,1,1,2,1,1
45,0.671,1,1,2,3,1
45,0.536,1,1,3,1,1
45,0.823,0,1,2,3,1
45,0.612,1,2,1,3,1
45,0.52,1,1,3,1,1
45,0.496,1,1,3,2,1
45,0.81,0,2,2,3,1
45,0.731,1,2,1,2,1
45,0.515,1,1,1,3,1
45,0.672,1,2,3,2,1
45,0.576,1,2,2,3,1
45,0.476,1,2,3,1,1
45,0.446,1,1,3,2,1
45,0.509,1,2,3,1,1
45,0.663,1,1,2,1,1
45,0.751,1,2,2,1,1
45,0.573,1,1,3,1,1
45,0.648,1,1,2,3,1
45,0.636,1,1,2,1,1
45,0.58,1,2,2,1,1
45,0.69,1,1,1,2,1
45,0.695,0,1,1,3,1
45,0.582,0,2,2,1,1
45,0.6,1,2,1,3,1
45,0.578,1,1,1,2,1
45,0.582,1,1,2,1,1
45,0.531,1,2,2,3,1
45,0.626,1,2,3,1,1
45,0.485,1,2,3,2,1
45,0.528,1,2,2,3,1
45,0.673,1,2,2,1,1
45,0.478,1,2,3,2,1
45,0.581,1,1,1,3,1
45,0.664,1,1,2,3,1
45,0.745,1,2,1,2,1
45,0.463,1,2,3,1,1
45,0.734,0,1,1,3,1
45,0.479,1,1,3,2,1
45,0.888,1,2,1,2,1
45,0.532,1,2,2,3,1
45,0.455,1,1,3,1,1
45,0.7,1,2,1,2,1
45,0.605,1,1,1,2,1
45,0.694,1,2,1,3,1
45,0.717,1,1,3,1,1
45,0.574,1,1,1,3,1
45,0.473,1,1,3,2,1
45,0.551,1,1,1,2,1
46,0.929,0,1,3,1,1
46,1.273,1,1,1,3,1
46,1.358,1,2,2,1,1
46,0.817,1,1,1,2,1
46,0.617,1,1,2,1,1
46,0.769,0,1,2,1,1
46,2.311,1,1,1,2,1
46,1.021,1,1,3,1,1
46,1.354,0,1,3,1,1
46,0.746,1,1,1,3,1
46,1.303,1,2,3,2,1
46,0.892,1,2,2,3,1
46,1.035,1,1,2,1,1
46,1.199,1,1,3,2,1
46,0.988,0,2,3,2,1
46,1.283,1,2,2,3,1
46,1.102,1,2,2,1,1
46,1.003,1,2,3,2,1
46,0.756,1,2,3,1,1
46,0.756,1,1,1,3,1
46,0.947,1,2,1,3,1
46,0.295,1,1,2,3,1
46,0.619,1,1,1,2,1
46,1.205,1,2,2,3,1
46,0.923,1,2,2,3,1
46,0.556,1,2,1,2,1
46,0.522,1,1,1,3,1
46,0.608,1,2,3,1,1
46,0.672,1,2,2,1,1
46,0.646,0,2,2,3,1
46,0.941,0,1,3,2,1
46,0.684,1,1,3,1,1
46,0.637,0,1,2,3,1
46,1.007,1,1,1,3,1
46,0.918,0,2,2,1,1
46,0.601,1,2,1,2,1
46,0.744,1,1,1,2,1
46,1.202,0,2,1,2,1
46,0.714,1,2,1,3,1
46,0.502,1,1,3,2,1
46,0.602,1,2,3,1,1
46,0.61,1,2,1,3,1
46,0.86,1,2,3,2,1
46,0.88,1,2,3,1,1
46,0.55,1,1,2,3,1
46,0.693,1,2,1,2,1
46,0.685,1,2,1,2,1
46,1.048,1,2,3,2,1
46,0.66,1,1,3,2,1
46,0.557,1,1,2,1,1
46,0.595,1,2,1,3,1
46,0.702,0,2,2,1,1
46,0.577,1,2,1,3,1
46,1.09,1,1,2,3,1
46,0.847,1,1,3,2,1
46,0.5,1,1,2,3,1
46,0.779,1,1,2,1,1
46,0.701,1,2,3,1,1
46,0.471,1,1,1,2,1
46,0.997,1,1,3,1,1
47,1.010915,1,2,2,1,1
47,0.008749999994,0,2,1,3,1
47,0.066005,0,2,1,3,1
47,0.67388,0,2,1,2,1
47,0.691995,0,2,1,2,1
47,0.120555,0,1,3,2,1
47,0.66173,0,1,2,3,1
47,1.5858,1,1,3,2,1
47,1.71537,1,2,3,2,1
47,1.835925,1,2,2,1,1
47,1.092765,1,2,2,3,1
47,1.95796,1,1,1,3,1
47,1.074355,1,2,2,1,1
47,1.257935,1,2,2,1,1
47,1.25235,1,2,3,2,1
47,2.303555,1,1,3,1,1
47,0.817715,1,1,1,2,1
47,1.232825,1,2,1,2,1
47,1.49769,1,1,2,1,1
47,1.000275,1,2,3,2,1
47,1.481165,0,1,1,3,1
47,1.054935,1,1,2,3,1
47,1.510985,1,2,3,2,1
47,1.23183,1,2,1,3,1
47,1.64374,0,2,2,3,1
47,0.56725,0,1,3,2,1
47,0.091675,0,2,2,3,1
47,0.299485,0,1,3,2,1
47,0.289265,0,1,2,1,1
47,0.02482999999,1,2,3,1,1
47,0.630945,1,1,2,1,1
47,0.487485,1,2,3,1,1
47,1.67825,1,1,3,1,1
47,0.69197,1,1,1,3,1
47,0.79858,1,1,2,3,1
47,0.716025,1,1,2,1,1
47,0.58124,1,2,1,3,1
47,0.72245,1,1,1,2,1
47,0.01657000001,0,1,1,2,1
47,0.86629,1,1,2,3,1
47,0.629275,1,2,3,1,1
47,0.70096,1,1,2,3,1
47,0.7319,1,2,2,3,1
47,0.89072,1,1,3,2,1
47,1.4552,1,1,3,1,1
47,0.438875,1,1,1,3,1
47,0.529075,1,1,3,1,1
47,0.905995,0,2,1,2,1
47,1.197645,1,1,1,3,1
47,0.54294,1,2,3,1,1
47,1.0637,0,2,2,3,1
47,1.710205,0,2,1,2,1
47,1.16687,1,2,3,1,1
47,0.20958,0,1,1,2,1
47,1.04244,0,2,2,1,1
47,1.31065,0,1,2,1,1
47,2.11848,0,1,1,2,1
47,1.208,0,2,1,3,1
48,0.625,1,1,1,3,1
48,0.488,1,2,1,2,1
48,0.615,0,2,3,2,1
48,0.569,1,1,1,3,1
48,0.617,1,1,2,3,1
48,0.759,1,1,3,2,1
48,0.733,1,2,1,3,1
48,0.821,1,2,2,1,1
48,0.618,1,1,2,1,1
48,0.677,1,2,1,3,1
48,0.682,1,2,2,1,1
48,0.783,1,2,3,2,1
48,0.576,1,2,1,3,1
48,0.722,1,2,3,1,1
48,0.846,1,1,2,1,1
48,0.731,1,1,2,3,1
48,0.588,1,1,3,1,1
48,0.534,1,2,3,1,1
48,0.679,1,2,3,1,1
48,0.69,1,2,2,1,1
48,0.612,0,2,1,2,1
48,0.612,1,2,2,1,1
48,1.186,0,1,2,1,1
48,0.574,1,2,3,2,1
48,0.718,1,1,1,2,1
48,0.48,1,1,3,1,1
48,0.789,1,2,1,3,1
48,0.472,1,1,3,1,1
48,0.566,1,2,2,1,1
48,0.648,1,1,2,1,1
48,0.499,1,1,3,2,1
48,0.592,1,1,2,3,1
48,0.782,1,2,1,2,1
48,0.625,1,2,2,3,1
48,0.559,1,2,3,1,1
48,0.59,1,2,1,2,1
48,0.508,1,1,3,2,1
48,0.777,1,2,1,3,1
48,0.629,1,1,1,3,1
48,0.77,1,1,1,2,1
48,0.497,1,1,3,1,1
48,1.088,1,2,2,3,1
48,0.66,1,1,1,2,1
48,0.889,1,1,1,3,1
48,0.663,1,1,1,2,1
48,0.605,1,2,1,2,1
48,0.744,1,1,2,3,1
48,0.63,1,1,1,3,1
48,0.643,1,2,3,2,1
48,0.682,0,2,2,3,1
48,0.463,1,2,3,2,1
48,0.608,1,1,1,2,1
48,0.48,1,1,3,1,1
48,0.776,1,2,2,3,1
48,0.622,1,1,2,1,1
48,0.528,1,1,3,2,1
48,0.62,0,1,3,2,1
48,0.697,1,1,2,3,1
48,0.597,1,2,3,1,1
48,0.891,0,2,2,3,1
49,0.550125,1,1,2,3,1
49,0.45038,0,2,1,3,1
49,0.37089,1,2,3,2,1
49,0.399085,1,1,3,1,1
49,0.549725,1,1,1,3,1
49,0.449775,1,1,1,3,1
49,0.50331,1,2,2,3,1
49,0.455005,0,2,3,1,1
49,0.477745,0,2,2,1,1
49,0.436545,1,1,3,2,1
49,0.396155,0,2,3,1,1
49,0.389265,1,1,2,1,1
49,0.40217,1,2,1,3,1
49,0.57605,0,2,1,3,1
49,0.57281,1,1,2,3,1
49,0.36822,1,2,3,1,1
49,0.481595,1,2,2,3,1
49,0.609865,0,1,1,2,1
49,0.485135,0,2,1,3,1
49,0.42961,1,1,3,1,1
49,0.501865,1,1,1,2,1
49,0.36917,1,2,3,1,1
49,0.537385,1,1,2,3,1
49,0.58322,1,2,2,3,1
49,0.559745,1,2,1,2,1
49,0.47693,1,2,2,3,1
49,0.50277,1,1,1,3,1
49,0.37573,1,1,3,1,1
49,0.383545,1,2,3,2,1
49,0.4119,1,1,1,2,1
49,0.429185,1,2,3,1,1
49,0.52988,0,1,2,1,1
49,0.557155,1,1,2,1,1
49,0.825335,0,1,3,2,1
49,0.537865,1,1,2,3,1
49,0.46384,0,1,3,1,1
49,0.415255,1,2,3,2,1
49,0.55374,1,1,1,2,1
49,0.598815,1,2,1,3,1
49,0.419325,1,2,3,2,1
49,0.47039,1,2,1,2,1
49,0.46004,0,1,1,3,1
49,0.42584,1,2,3,2,1
49,0.424495,1,2,2,1,1
49,0.40989,1,1,2,1,1
49,0.411635,1,1,3,2,1
49,0.4995,0,2,1,2,1
49,0.57618,1,2,1,2,1
49,0.599175,1,1,3,1,1
49,0.46445,0,1,2,3,1
49,0.56352,1,2,2,1,1
49,0.421195,1,1,1,2,1
49,0.504725,0,1,2,1,1
49,0.48323,0,2,2,1,1
49,0.54634,0,2,2,1,1
49,0.344775,1,1,3,2,1
49,0.362785,1,1,3,2,1
49,0.549805,0,1,1,3,1
49,0.555305,0,2,2,3,1
49,0.30855,1,2,1,2,1
50,0.9516500002,1,1,3,1,1
50,0.8947650001,1,2,2,1,1
50,0.9040399999,1,1,1,3,1
50,0.920225,1,1,2,1,1
50,0.9704500001,1,1,2,1,1
50,0.8679150001,1,1,2,3,1
50,0.75293,1,1,3,2,1
50,0.7098000001,1,1,3,2,1
50,0.9055900001,1,1,1,2,1
50,0.902005,1,1,2,1,1
50,0.668415,1,2,1,3,1
50,0.54388,1,1,3,2,1
50,0.7321500001,1,2,3,2,1
50,0.598985,1,2,3,1,1
50,0.7379999999,1,1,2,1,1
50,0.94132,1,2,2,1,1
50,0.9064750001,1,1,3,1,1
50,0.81513,1,2,3,1,1
50,0.8407700001,0,1,1,3,1
50,0.62344,1,1,2,1,1
50,0.8036,0,2,1,2,1
50,0.6159000001,1,2,1,3,1
50,0.432635,1,2,3,2,1
50,0.9810599999,1,2,2,3,1
50,0.6551099999,1,2,3,2,1
50,0.6413100001,1,2,1,2,1
50,0.5967049999,1,1,1,2,1
50,0.5430050001,1,2,1,2,1
50,0.8839,1,1,1,2,1
50,0.7295700002,1,2,2,3,1
50,0.64799,0,2,2,3,1
50,0.5330700001,1,1,3,2,1
50,0.4881550001,1,2,2,3,1
50,0.7398450002,1,2,2,3,1
50,0.4415050002,1,1,3,1,1
50,0.5903700001,1,2,3,1,1
50,0.544005,1,2,2,1,1
50,0.8227299999,1,1,2,3,1
50,0.8543500002,1,1,3,1,1
50,0.6525599998,1,2,3,1,1
50,0.8026350001,1,2,1,3,1
50,0.496665,1,2,3,1,1
50,0.43891,1,1,3,1,1
50,0.7135650001,1,1,2,3,1
50,0.7051349999,1,1,1,3,1
50,0.507645,1,1,1,2,1
50,0.6492949999,1,2,1,2,1
50,0.5314199999,1,1,1,3,1
50,0.5797350002,1,2,1,3,1
50,1.08369,1,1,1,3,1
50,0.453975,1,1,3,2,1
50,1.59407,0,2,3,2,1
50,0.901325,0,1,1,2,1
50,0.6187100001,1,1,2,3,1
50,0.639125,1,2,1,2,1
50,0.5338849998,1,2,2,1,1
50,0.6357549999,1,2,2,1,1
50,0.603265,1,2,1,3,1
50,0.7476299999,1,2,3,2,1
50,0.7816250001,1,1,2,3,1
51,1.160775,1,1,2,3,1
51,0.80958,1,1,3,1,1
51,1.8949,1,1,1,3,1
51,1.06593,1,1,1,2,1
51,0.938675,1,1,1,3,1
51,0.776465,1,1,2,1,1
51,1.700015,1,2,2,1,1
51,1.807545,1,2,2,3,1
51,1.29739,1,1,1,2,1
51,1.78615,1,2,1,3,1
51,0.94541,1,1,1,3,1
51,0.99956,1,2,2,1,1
51,0.72672,1,1,3,2,1
51,0.697295,1,1,2,3,1
51,0.7377800001,1,2,1,2,1
51,0.65543,1,1,3,2,1
51,0.9281799999,1,1,2,3,1
51,1.055815,1,2,2,3,1
51,0.4988449999,1,1,3,1,1
51,0.871495,1,1,2,1,1
51,0.695025,1,2,1,2,1
51,0.8339399999,1,2,3,1,1
51,0.759925,1,2,2,3,1
51,0.624115,1,2,1,3,1
51,0.8015749999,1,2,1,3,1
51,0.80847,0,1,1,2,1
51,0.55193,1,2,3,2,1
51,1.311295,0,2,1,3,1
51,0.7752499999,1,2,1,2,1
51,0.641685,1,1,3,2,1
51,0.745165,0,1,1,2,1
51,0.761645,1,2,1,2,1
51,0.8817949999,0,1,3,1,1
51,0.88323,1,1,1,3,1
51,0.671695,1,2,3,2,1
51,1.271975,0,2,1,3,1
51,0.56839,1,2,3,1,1
51,1.166635,1,1,2,1,1
51,0.935415,1,2,3,2,1
51,0.55808,1,2,1,2,1
51,0.575,1,1,3,2,1
51,0.27246,0,1,3,2,1
51,0.552215,1,2,3,1,1
51,0.542745,0,2,3,2,1
51,0.471825,1,1,2,1,1
51,0.580725,1,2,2,1,1
51,0.65706,1,1,3,1,1
51,0.6470700001,1,1,2,1,1
51,0.584515,1,2,2,3,1
51,0.7815599999,1,1,3,1,1
51,0.9013050001,1,2,2,3,1
51,0.654845,1,1,1,3,1
51,0.72863,1,2,3,2,1
51,0.6543599999,1,2,3,1,1
51,0.834135,1,2,2,1,1
51,0.642125,1,1,1,2,1
51,0.77839,1,1,2,3,1
51,0.52009,1,2,3,1,1
51,0.663295,1,2,2,1,1
51,0.54321,1,1,2,3,1
52,1.04376,1,2,2,1,1
52,1.59356,1,1,3,1,1
52,1.024405,1,1,1,3,1
52,1.12632,1,2,3,2,1
52,0.87439,1,2,1,3,1
52,0.896285,1,1,2,1,1
52,0.88109,1,2,2,1,1
52,0.76063,1,1,2,3,1
52,1.402125,1,2,1,3,1
52,1.07912,1,1,2,1,1
52,1.077725,1,1,1,2,1
52,0.777655,1,2,3,1,1
52,0.768755,1,2,3,1,1
52,1.051665,1,1,3,2,1
52,0.736495,1,1,3,1,1
52,0.861665,1,1,1,3,1
52,0.967785,1,2,2,1,1
52,1.1456,1,2,1,3,1
52,0.980735,1,1,2,1,1
52,0.834145,1,2,1,3,1
52,0.665745,1,2,2,1,1
52,0.654605,1,1,1,2,1
52,0.53866,1,1,1,2,1
52,0.74576,1,2,3,1,1
52,0.76933,1,2,2,3,1
52,0.691075,1,1,2,3,1
52,0.70765,1,1,1,3,1
52,0.70785,1,1,3,1,1
52,0.850805,1,2,1,2,1
52,1.35253,0,2,1,2,1
52,0.71719,1,1,3,1,1
52,0.572215,1,2,3,2,1
52,0.50556,1,1,1,3,1
52,0.4685,1,2,3,2,1
52,0.58207,0,2,3,2,1
52,0.423015,1,1,3,2,1
52,0.52974,1,1,3,2,1
52,0.60282,1,1,1,2,1
52,0.93619,1,1,2,3,1
52,1.05675,1,2,1,3,1
52,0.879745,1,1,3,2,1
52,0.93053,1,2,1,2,1
52,0.8373,1,1,3,2,1
52,0.632445,1,1,1,2,1
52,0.867925,1,2,2,1,1
52,0.7399550001,1,1,2,1,1
52,0.587285,1,2,3,2,1
52,0.66678,1,1,3,1,1
52,0.7308,1,1,2,3,1
52,0.76442,1,2,2,3,1
52,0.76222,1,2,1,2,1
52,0.802995,1,1,2,1,1
52,0.71184,1,1,1,3,1
52,0.523535,1,2,3,1,1
52,0.673865,1,1,2,3,1
52,0.716585,1,2,2,3,1
52,0.617515,1,2,1,2,1
52,0.59722,1,2,2,3,1
52,0.738515,1,2,2,3,1
52,0.504515,1,2,3,1,1
53,1.563365,0,2,3,1,1
53,1.05976,1,1,3,2,1
53,0.851545,1,1,2,3,1
53,0.934825,1,2,2,1,1
53,0.76796,1,2,2,1,1
53,0.989755,1,1,3,2,1
53,0.75538,1,2,1,3,1
53,0.896635,0,1,2,3,1
53,0.91876,1,1,1,2,1
53,0.6426550001,1,2,3,2,1
53,1.241145,1,1,3,2,1
53,0.75668,1,1,3,1,1
53,0.823165,1,1,1,3,1
53,0.807915,0,1,2,1,1
53,1.01504,1,2,1,2,1
53,0.585015,1,2,2,3,1
53,0.852355,1,2,3,2,1
53,0.824735,1,1,2,3,1
53,0.902525,1,1,2,1,1
53,1.15083,1,1,3,1,1
53,1.097805,1,2,3,2,1
53,0.855395,0,2,2,1,1
53,1.478655,1,1,3,1,1
53,0.60881,0,2,1,3,1
53,0.80352,1,2,3,1,1
53,0.76599,0,2,1,2,1
53,0.71514,1,2,1,2,1
53,0.8589,1,2,2,3,1
53,1.235015,0,1,1,3,1
53,0.551,1,2,3,1,1
53,0.9929,0,2,1,3,1
53,0.647785,1,1,2,1,1
53,0.5924399999,0,2,1,3,1
53,1.009875,1,2,2,3,1
53,0.701625,1,2,1,2,1
53,0.663485,1,1,3,1,1
53,0.672505,0,1,2,3,1
53,1.14794,1,1,1,2,1
53,0.822985,1,1,1,3,1
53,0.743015,1,1,1,2,1
53,0.8061950001,1,2,2,1,1
53,0.6270300001,1,2,3,1,1
53,1.15622,1,1,1,2,1
53,0.87031,0,2,2,1,1
53,1.1429,1,2,3,1,1
53,0.569825,1,2,3,2,1
53,0.61841,1,1,2,1,1
53,0.558005,1,1,2,1,1
53,0.94539,1,1,3,2,1
53,0.6924749999,1,2,2,3,1
53,0.8475799999,1,1,1,2,1
53,0.685985,1,2,3,2,1
53,0.564505,1,1,3,2,1
53,0.7562650001,1,1,1,3,1
53,0.903585,1,2,2,3,1
53,0.670355,1,1,3,1,1
53,0.729115,1,2,1,2,1
53,0.746775,1,1,2,3,1
54,1.038715,1,2,2,1,1
54,1.00927,1,2,3,1,1
54,1.27099,1,1,1,3,1
54,1.570135,1,2,1,3,1
54,1.07744,1,1,1,2,1
54,0.93514,1,2,1,2,1
54,0.930875,1,1,3,2,1
54,1.17103,1,2,1,2,1
54,1.01453,1,1,3,1,1
54,1.092655,0,1,3,2,1
54,1.40712,0,2,3,1,1
54,1.096995,1,1,1,3,1
54,1.136245,1,1,3,1,1
54,0.91018,1,2,3,1,1
54,1.15867,1,2,3,2,1
54,0.918745,0,1,2,1,1
54,1.04106,1,1,2,1,1
54,1.1457,1,1,2,1,1
54,1.677445,1,1,3,2,1
54,1.263585,1,1,3,2,1
54,1.641175,0,1,1,3,1
54,1.392985,1,1,3,1,1
54,2.123365,0,2,1,3,1
54,1.39931,0,2,2,1,1
54,1.87758,0,2,1,2,1
54,1.18902,1,1,2,1,1
54,1.54117,1,2,1,2,1
54,1.665005,1,1,2,3,1
54,1.828025,1,1,1,2,1
54,1.647825,0,2,1,3,1
54,1.002865,1,2,2,3,1
54,1.25911,1,1,1,3,1
54,1.75184,0,1,1,2,1
54,1.171755,1,2,2,1,1
54,1.49245,0,2,2,3,1
54,1.08176,1,1,2,3,1
54,1.01592,1,2,2,3,1
54,0.898525,1,1,1,2,1
54,1.285515,1,1,3,2,1
54,1.38161,1,2,2,3,1
54,0.97852,1,2,1,3,1
54,1.374645,0,2,2,1,1
54,0.91847,1,1,3,1,1
54,1.07122,1,1,1,2,1
54,0.981215,1,2,3,2,1
54,0.52519,0,1,2,3,1
54,0.903225,1,2,1,2,1
54,0.872725,1,1,2,1,1
54,0.87132,0,2,2,1,1
54,1.057925,1,1,1,3,1
54,1.147015,1,2,3,2,1
54,0.80937,1,2,3,1,1
54,0.978735,1,1,2,3,1
54,0.97883,1,2,2,3,1
54,1.090065,1,2,3,2,1
54,0.85671,1,1,3,1,1
54,0.811795,0,2,1,3,1
54,0.947105,1,2,3,1,1
55,0.94855,1,2,2,3,1
55,0.606765,1,1,2,3,1
55,0.99119,1,1,2,3,1
55,0.80161,1,1,3,2,1
55,0.85542,1,2,3,1,1
55,0.77728,0,2,3,1,1
55,0.91077,1,2,2,1,1
55,0.934785,1,2,3,2,1
55,0.927395,1,2,2,1,1
55,0.715885,1,1,3,1,1
55,0.66301,0,1,3,2,1
55,0.92782,0,2,1,3,1
55,0.711405,1,2,3,2,1
55,0.77775,1,1,3,2,1
55,0.74391,1,1,1,2,1
55,0.71512,1,2,1,2,1
55,0.726775,1,1,3,1,1
55,0.794845,1,2,2,3,1
55,0.671575,1,1,2,3,1
55,1.09095,0,2,1,2,1
55,0.67787,1,2,3,2,1
55,1.012445,1,2,1,3,1
55,0.709575,0,1,1,2,1
55,0.72322,1,2,3,2,1
55,0.916515,0,1,1,2,1
55,0.93303,1,1,2,1,1
55,1.039275,1,2,2,1,1
55,1.465155,0,1,2,1,1
55,0.54653,0,1,3,1,1
55,0.98164,1,2,3,1,1
55,0.66185,1,1,3,2,1
55,1.01402,1,1,1,3,1
55,0.81496,1,1,2,1,1
55,0.97738,1,2,2,3,1
55,0.64294,1,2,2,3,1
55,0.68474,1,2,3,2,1
55,0.57155,1,1,3,1,1
55,0.647945,1,2,1,3,1
55,0.71063,1,2,1,2,1
55,0.91846,1,1,1,2,1
55,0.695885,1,1,1,3,1
55,0.72871,1,2,2,1,1
55,0.69873,1,1,2,3,1
55,0.69042,1,1,3,1,1
55,1.517025,1,1,1,3,1
55,0.703355,1,2,2,3,1
55,0.670995,1,1,2,1,1
55,0.680515,1,2,1,3,1
55,0.623015,1,1,2,1,1
55,0.483805,1,1,3,2,1
55,0.71601,0,2,1,2,1
55,1.393705,1,1,1,2,1
55,0.645445,1,1,1,3,1
55,0.75359,1,2,1,3,1
55,0.723775,1,2,3,1,1
55,0.674295,0,1,1,3,1
55,0.806515,1,2,2,1,1
55,0.554005,1,2,3,1,1
55,0.68889,1,1,2,3,1
55,1.29532,1,2,1,2,1
56,0.800805,1,1,2,3,1
56,0.653485,1,1,3,1,1
56,0.73031,1,1,3,1,1
56,0.700775,1,1,2,1,1
56,0.579855,1,2,1,3,1
56,0.5902549999,0,1,1,3,1
56,0.516405,1,2,3,2,1
56,0.674325,0,2,2,3,1
56,0.80738,1,2,2,1,1
56,0.6673150001,1,2,2,3,1
56,0.71494,1,1,1,2,1
56,0.440325,1,2,3,1,1
56,0.810425,1,1,2,3,1
56,0.45756,1,2,3,2,1
56,0.688175,1,2,1,2,1
56,0.48566,1,2,3,2,1
56,0.61055,1,2,3,1,1
56,0.52006,1,1,3,2,1
56,0.7572199999,0,2,2,1,1
56,0.7269949999,0,2,2,1,1
56,0.65458,1,2,1,3,1
56,0.55273,1,2,1,2,1
56,0.6720050001,1,1,1,2,1
56,0.578555,1,2,2,3,1
56,0.60318,1,1,1,3,1
56,0.711305,1,2,1,3,1
56,0.504435,1,2,3,1,1
56,0.58695,1,1,2,3,1
56,0.54675,1,2,1,2,1
56,0.452575,1,1,3,1,1
56,0.7416300001,1,1,2,1,1
56,0.540685,1,1,1,3,1
56,0.639805,1,2,2,1,1
56,0.58073,1,2,1,3,1
56,0.571715,1,2,1,3,1
56,0.5715600001,1,1,1,3,1
56,0.4817,1,1,3,2,1
56,0.824165,0,1,2,1,1
56,0.70427,1,1,3,2,1
56,0.623315,1,1,1,3,1
56,0.5234000001,1,2,2,1,1
56,0.7490599999,1,1,1,2,1
56,0.6651399999,1,1,3,1,1
56,0.49257,1,1,3,1,1
56,0.71196,1,2,2,3,1
56,0.5584000001,1,1,2,3,1
56,0.490155,1,2,3,2,1
56,0.74523,1,1,1,2,1
56,0.5044600001,1,1,3,2,1
56,0.64865,1,2,1,2,1
56,0.54828,0,2,2,3,1
56,0.6116450001,1,1,1,2,1
56,0.74248,1,2,1,2,1
56,0.72205,1,1,2,1,1
56,0.5056800001,1,2,3,1,1
56,0.957225,1,1,2,3,1
56,0.5958799999,1,1,2,1,1
56,0.709345,1,2,3,1,1
56,0.4343399999,1,2,3,2,1
56,0.4378750001,1,1,3,2,1
57,1.145625,1,2,2,3,1
57,0.48252,1,1,1,3,1
57,0.929535,0,1,3,1,1
57,0.701445,0,1,2,1,1
57,0.94226,0,2,1,2,1
57,1.127435,1,1,1,3,1
57,0.841545,0,2,3,2,1
57,0.81458,0,2,1,3,1
57,1.06217,1,1,3,2,1
57,0.67031,1,1,3,1,1
57,1.07589,1,1,2,1,1
57,0.819065,1,2,3,1,1
57,1.25137,0,2,1,2,1
57,0.92695,1,2,2,1,1
57,0.25819,1,2,2,1,1
57,0.06896,1,2,1,3,1
57,0.159515,0,2,3,1,1
57,2.384895,0,1,3,1,1
57,0.08476499998,0,1,2,3,1
57,0.06238000002,0,1,2,1,1
57,0.21413,0,1,1,2,1
57,0.05926000001,1,2,3,1,1
57,0.534535,0,1,3,1,1
57,0.261235,0,1,2,1,1
57,0.374965,0,1,3,1,1
57,0.368895,0,1,2,1,1
57,0.12373,0,2,3,2,1
57,0.04336000001,0,1,1,3,1
57,0.06917999999,0,2,2,1,1
57,0.09068000002,0,2,1,2,1
57,0.1258,0,2,2,1,1
57,0.153825,0,1,1,3,1
57,0.003389999969,0,1,3,2,1
57,0.54697,0,1,2,3,1
57,0.02577500005,0,1,2,3,1
57,0.504505,0,2,1,3,1
57,0.09520000004,0,2,3,2,1
57,0.217515,0,1,3,2,1
57,0.366125,0,1,3,2,1
57,0.285175,0,1,2,3,1
57,0.22931,0,1,1,2,1
57,0.172,0,2,2,1,1
57,0.389105,0,2,1,2,1
57,0.196155,0,1,1,2,1
57,0.1867200001,0,1,1,2,1
57,0.245155,0,1,2,3,1
57,0.11051,1,2,2,3,1
57,0.67827,1,2,1,3,1
57,0.57958,1,2,2,3,1
57,0.5397500001,1,2,1,3,1
57,0.222455,1,2,2,3,1
57,0.30738,1,1,1,3,1
57,0.30327,1,2,3,1,1
57,0.392075,1,2,3,2,1
57,0.251415,1,2,2,3,1
57,1.50665,1,2,3,1,1
57,0.12604,1,1,1,2,1
57,0.297085,1,2,1,2,1
57,0.2126,1,1,3,2,1
58,1.138,1,2,3,2,1
58,0.923,1,1,1,2,1
58,0.769,1,2,3,1,1
58,0.942,1,2,2,1,1
58,0.721,1,2,1,2,1
58,0.543,1,2,3,2,1
58,0.604,1,1,2,1,1
58,0.656,1,1,3,2,1
58,0.658,1,1,3,1,1
58,0.8,1,2,1,2,1
58,1.637,0,2,3,1,1
58,0.96,1,2,2,1,1
58,0.68,1,1,2,1,1
58,1.087,0,1,3,2,1
58,1.096,1,2,1,3,1
58,1.07,1,1,3,2,1
58,0.667,1,1,1,3,1
58,1.225,1,1,2,3,1
58,1.047,1,2,1,3,1
58,0.875,1,2,1,3,1
58,0.938,1,1,3,1,1
58,0.67,1,2,2,3,1
58,0.711,1,1,1,3,1
58,0.804,1,1,2,3,1
58,0.707,1,2,3,1,1
58,1.023,1,2,3,1,1
58,0.722,1,2,3,2,1
58,0.996,1,1,2,1,1
58,0.763,1,2,3,1,1
58,1.109,1,1,1,3,1
58,0.975,1,2,2,3,1
58,0.66,1,2,3,2,1
58,1.005,1,2,3,2,1
58,0.803,1,2,2,1,1
58,0.576,1,1,3,1,1
58,1.057,1,1,1,2,1
58,1.266,0,1,1,2,1
58,0.772,1,1,1,2,1
58,0.945,1,2,2,3,1
58,0.772,1,2,2,3,1
58,0.914,1,2,2,3,1
58,0.584,1,1,3,1,1
58,0.709,1,1,3,2,1
58,0.5,1,2,1,2,1
58,0.687,1,2,1,2,1
58,0.651,1,2,1,2,1
58,0.648,1,1,1,3,1
58,1.092,1,2,2,1,1
58,1.069,1,2,1,3,1
58,0.796,1,1,2,3,1
58,0.995,1,1,1,2,1
58,1.025,1,1,3,1,1
58,0.635,1,1,2,1,1
58,0.75,1,1,3,2,1
58,1.966,1,1,1,3,1
58,1.094,1,2,2,1,1
58,1.2,1,1,2,1,1
58,0.654,1,2,1,3,1
58,1.452,1,1,2,3,1
58,1.172,1,1,2,3,1
59,0.765,1,1,1,3,1
59,0.21,1,1,3,1,1
59,0.367,1,1,2,3,1
59,1.541,1,1,1,2,1
59,0.47,1,2,2,1,1
59,0.678,0,2,1,2,1
59,1.03,0,2,3,2,1
59,0.099,0,1,3,1,1
59,0.198,0,2,2,3,1
59,0.165,0,2,1,2,1
59,0.852,0,1,3,2,1
59,1.591,1,1,2,3,1
59,1.039,1,1,1,3,1
59,0.434,0,1,2,3,1
59,0.028,0,2,1,3,1
59,0.657,0,2,3,1,1
59,0.667,1,2,3,2,1
59,0.935,0,1,1,3,1
59,0.11,0,2,1,3,1
59,2.287,1,1,1,2,1
59,0.367,0,1,1,2,1
59,0.622,0,1,2,1,1
59,1.156,0,2,1,3,1
59,0.882,0,1,3,1,1
59,0.049,1,2,2,3,1
59,0.337,1,1,1,2,1
59,0.944,1,1,2,1,1
59,0.342,1,2,3,1,1
59,0.771,1,1,2,1,1
59,0.282,0,2,2,1,1
59,0.328,0,2,3,1,1
59,1.074,0,1,3,1,1
59,0.795,0,2,3,1,1
59,0.814,1,1,2,1,1
59,0.297,1,1,2,3,1
59,0.097,1,2,2,3,1
59,2.04,0,2,3,2,1
59,0.222,0,2,2,1,1
59,0.97,1,1,1,3,1
59,0.334,0,1,2,3,1
59,0.736,1,2,2,1,1
59,0.325,1,2,1,3,1
59,0.544,1,1,3,2,1
59,0.536,1,2,3,2,1
59,0.266,1,1,3,1,1
59,1.232,1,1,3,2,1
59,1.041,1,2,1,2,1
59,0.25,1,2,2,3,1
59,0.598,1,2,3,2,1
59,0.082,1,1,1,2,1
59,1.51,0,2,2,3,1
59,1.621,0,2,1,2,1
59,0.911,1,2,2,1,1
59,0.939,1,2,3,1,1
60,1.664975,1,2,3,1,1
60,1.33597,1,1,2,1,1
60,0.977725,1,1,3,2,1
60,1.022155,1,1,3,1,1
60,1.14887,1,1,2,1,1
60,0.920565,1,1,2,1,1
60,0.998215,1,1,3,1,1
60,0.8072949999,1,1,1,2,1
60,0.67506,1,1,1,3,1
60,0.7564449999,1,1,1,3,1
60,0.726745,1,2,3,2,1
60,1.00469,1,1,1,3,1
60,1.147955,1,2,2,3,1
60,0.98804,1,2,1,3,1
60,0.903855,1,2,1,2,1
60,0.87693,1,1,1,2,1
60,1.276525,1,1,2,3,1
60,0.80897,1,1,1,3,1
60,0.9374950001,1,2,1,3,1
60,0.77431,1,2,3,2,1
60,0.8015899999,1,1,2,1,1
60,0.8739949999,1,2,2,1,1
60,0.661955,1,2,1,3,1
60,0.54663,1,1,1,3,1
60,0.699445,1,1,3,2,1
60,0.7892700001,1,2,3,2,1
60,0.743225,1,2,3,2,1
60,0.83977,1,2,1,2,1
60,0.715185,1,2,1,2,1
60,0.8142500001,1,1,1,2,1
60,0.9810200001,1,1,2,3,1
60,0.8953300001,1,2,1,2,1
60,0.69998,1,2,2,1,1
60,0.98601,1,2,2,3,1
60,0.80652,1,1,2,1,1
60,0.66998,1,2,3,1,1
60,0.61769,1,1,2,3,1
60,0.93606,1,2,3,1,1
60,0.766715,1,1,3,1,1
60,0.638815,1,1,1,2,1
60,1.023725,1,1,2,3,1
60,0.9154149999,1,1,3,1,1
60,0.8435849999,1,2,1,3,1
60,0.9098499999,1,2,3,1,1
60,0.728825,1,2,2,3,1
60,0.7087399999,1,2,2,3,1
60,1.032975,1,1,3,1,1
60,0.9620749999,1,2,1,2,1
60,0.487005,1,2,2,1,1
60,1.180105,0,1,3,2,1
60,0.8410799999,1,1,3,2,1
60,2.303835,1,2,2,1,1
60,0.90065,1,2,1,3,1
60,0.799755,1,1,3,2,1
60,0.6504149999,1,2,3,1,1
60,0.65065,1,1,2,3,1
60,0.7626400001,1,2,2,1,1
60,0.66468,1,2,2,3,1
60,0.660865,1,2,3,2,1
60,0.704455,1,1,1,2,1
61,0.936465,1,2,3,1,1
61,1.09942,1,1,2,3,1
61,1.05033,0,1,1,2,1
61,1.33384,1,2,3,2,1
61,1.14033,1,1,3,1,1
61,1.36337,1,2,2,3,1
61,1.113585,1,1,3,1,1
61,1.298235,1,1,2,1,1
61,1.144425,1,2,3,2,1
61,1.169705,1,2,3,1,1
61,1.18017,1,1,1,3,1
61,1.049815,1,2,1,2,1
61,1.249685,1,2,2,3,1
61,1.07175,1,1,3,2,1
61,1.20387,1,2,2,3,1
61,1.1817,1,2,2,1,1
61,0.897845,1,2,3,2,1
61,1.02995,1,2,1,2,1
61,1.14558,1,2,1,3,1
61,1.05287,1,2,1,2,1
61,0.9701799999,1,1,3,1,1
61,1.09853,1,1,2,3,1
61,1.72107,1,1,1,3,1
61,1.171835,1,2,1,3,1
61,0.97859,1,2,1,3,1
61,0.7431300001,1,2,2,1,1
61,1.02471,1,1,1,2,1
61,1.10944,0,1,3,2,1
61,1.046205,1,2,1,2,1
61,0.997925,1,2,1,3,1
61,0.98193,1,1,1,2,1
61,0.9636,1,2,2,1,1
61,1.04935,1,2,1,3,1
61,0.839035,1,2,3,2,1
61,0.97311,1,1,3,2,1
61,1.480335,0,1,2,3,1
61,1.034405,1,1,3,1,1
61,1.098685,1,1,2,1,1
61,0.876165,1,1,3,2,1
61,1.148295,1,1,2,1,1
61,0.82232,1,2,3,1,1
61,1.37819,0,1,1,3,1
61,0.8390800001,1,1,3,2,1
61,1.045115,0,2,2,1,1
61,0.579155,1,2,3,2,1
61,1.062495,1,2,2,3,1
61,0.7769899999,0,1,1,3,1
61,1.16133,1,1,2,3,1
61,1.55876,0,1,2,1,1
61,0.86147,1,1,1,2,1
61,0.9897449999,1,2,2,1,1
61,0.894625,1,2,3,1,1
61,0.982495,1,2,2,3,1
61,0.9852100001,1,1,2,3,1
61,0.8150650001,1,1,3,1,1
61,1.03452,0,2,1,2,1
61,0.917915,1,1,2,1,1
61,1.005915,1,2,3,1,1
61,1.04613,1,1,1,2,1
61,1.908755,0,1,1,3,1
62,1.151155,1,2,3,2,1
62,0.98806,1,2,2,1,1
62,1.03714,0,2,1,3,1
62,1.054725,1,1,3,1,1
62,0.877885,1,1,1,2,1
62,0.62357,1,2,3,2,1
62,0.75731,0,1,2,3,1
62,0.833425,1,1,1,3,1
62,0.796045,0,1,1,3,1
62,1.24137,1,2,1,2,1
62,0.967905,1,2,2,3,1
62,0.546275,1,1,3,2,1
62,0.66581,1,2,2,3,1
62,0.83389,1,1,2,1,1
62,0.94026,1,1,3,2,1
62,0.574705,1,2,2,1,1
62,1.323085,1,2,3,1,1
62,0.84023,1,1,1,3,1
62,1.25553,0,2,1,2,1
62,1.106905,1,1,2,1,1
62,0.758195,1,2,1,3,1
62,0.83424,1,2,3,1,1
62,1.030775,1,2,2,1,1
62,0.96407,1,2,3,2,1
62,0.515945,1,1,3,2,1
62,1.000945,1,2,1,2,1
62,0.502965,1,2,3,1,1
62,0.623145,1,1,2,1,1
62,0.72559,1,1,1,2,1
62,0.636475,1,2,3,1,1
62,1.664105,0,2,3,1,1
62,0.91873,1,2,2,3,1
62,0.698,1,1,2,3,1
62,1.053145,1,1,1,3,1
62,0.8367,1,2,2,1,1
62,0.51139,1,1,3,2,1
62,0.71804,1,1,3,1,1
62,1.11995,1,1,1,2,1
62,0.68451,1,2,2,1,1
62,0.685965,1,1,2,1,1
62,0.703235,1,1,1,2,1
62,0.536445,1,2,1,3,1
62,0.505975,1,1,3,1,1
62,0.72916,0,2,1,2,1
62,0.68478,0,2,1,3,1
62,0.655595,1,2,2,3,1
62,0.559975,1,1,2,3,1
62,0.729835,1,2,3,2,1
62,0.68059,1,2,1,2,1
62,0.59732,1,2,2,3,1
62,0.609185,1,1,1,2,1
62,0.553375,1,1,3,2,1
62,0.72728,1,1,1,3,1
62,0.489305,1,1,3,1,1
62,0.951785,1,2,3,2,1
62,0.59585,1,1,2,3,1
62,0.731395,1,2,1,3,1
62,0.566055,1,1,2,3,1
62,0.50556,1,1,3,1,1
62,0.646375,1,1,2,1,1
63,0.7138999999,1,2,1,2,1
63,0.582105,1,2,1,3,1
63,0.5357700004,1,2,3,1,1
63,1.08449,1,1,3,1,1
63,0.6164549999,1,1,1,3,1
63,0.7947999998,1,1,3,1,1
63,0.7046699999,1,2,2,1,1
63,0.8429700001,0,1,1,3,1
63,0.4720050003,1,2,1,3,1
63,0.6340199998,1,2,3,1,1
63,0.6736249998,0,2,1,2,1
63,0.6982800001,1,1,3,2,1
63,0.5962450001,1,2,1,3,1
63,0.6143049998,1,2,2,3,1
63,0.6635950003,1,1,2,1,1
63,0.6176199997,1,2,1,3,1
63,0.7238000003,0,2,3,2,1
63,0.7249499997,1,1,1,2,1
63,0.52018,1,1,3,2,1
63,0.9200650002,0,1,2,1,1
63,0.6937549999,1,1,3,2,1
63,0.6856299997,1,2,3,1,1
63,0.6420200001,1,2,3,1,1
63,0.7823099997,0,2,1,3,1
63,0.7142599998,1,2,1,2,1
63,0.7841750002,1,2,2,1,1
63,0.9500199999,1,2,3,2,1
63,0.8698999998,1,1,1,2,1
63,0.6312450003,1,2,2,3,1
63,0.6797250002,1,1,2,3,1
63,0.6833799998,1,2,1,2,1
63,0.5900399997,1,1,1,2,1
63,0.611825,1,1,3,2,1
63,0.8059149999,1,2,2,1,1
63,0.6127249999,1,1,1,3,1
63,0.9406050001,1,2,2,3,1
63,0.7428549998,1,1,1,3,1
63,0.7089900002,1,1,2,3,1
63,0.5688150004,1,2,2,1,1
63,0.882005,1,1,2,3,1
63,0.7653699997,1,1,3,2,1
63,0.691755,1,1,3,1,1
63,0.6903550001,1,2,3,2,1
63,0.5778450002,1,2,2,3,1
63,0.57687,1,1,1,2,1
63,0.7766799997,1,1,1,2,1
63,0.6555050001,1,2,3,1,1
63,0.5850749998,1,1,2,3,1
63,0.56892,1,1,3,1,1
63,0.5866800002,1,1,2,3,1
63,0.6597750001,1,2,2,3,1
63,0.4412600002,0,2,3,2,1
63,0.5724849999,0,1,2,1,1
63,0.5967950001,0,1,1,3,1
63,0.5599850002,1,1,2,1,1
63,0.62488,1,1,3,1,1
63,0.6022049999,1,2,1,2,1
63,0.6568199997,1,1,2,1,1
63,0.7717000004,1,2,3,2,1
63,0.5563450004,1,2,2,1,1
64,0.601295,0,1,2,1,1
64,0.49205,0,2,3,2,1
64,0.5715,1,2,2,3,1
64,0.664845,1,2,3,1,1
64,0.73278,0,2,3,2,1
64,0.90795,1,2,1,3,1
64,0.64089,1,2,3,1,1
64,0.67295,0,2,1,2,1
64,0.663915,1,2,2,3,1
64,0.70651,1,2,3,2,1
64,0.936315,0,1,2,1,1
64,0.681605,1,1,3,2,1
64,0.73683,1,2,2,1,1
64,0.5392,1,2,1,2,1
64,0.82173,1,2,2,3,1
64,0.41663,0,1,3,2,1
64,0.74626,1,2,2,3,1
64,1.08964,1,1,3,1,1
64,0.82691,1,1,1,2,1
64,0.786205,0,1,2,3,1
64,1.224425,1,1,1,2,1
64,0.70529,1,2,1,3,1
64,0.515175,0,1,3,1,1
64,0.937965,1,2,1,2,1
64,0.75437,1,1,1,3,1
64,0.757215,1,1,3,2,1
64,0.70785,1,2,2,1,1
64,0.590085,1,2,2,1,1
64,0.728885,0,2,2,3,1
64,0.72268,1,1,2,3,1
64,0.56253,1,2,3,1,1
64,0.91787,1,2,3,1,1
64,0.66655,1,1,2,1,1
64,0.710435,1,1,2,1,1
64,0.890385,0,1,1,2,1
64,0.55684,1,1,2,3,1
64,0.92981,1,2,1,3,1
64,0.552495,1,2,1,2,1
64,0.80976,0,2,2,1,1
64,0.537125,1,2,1,3,1
64,0.826285,1,1,1,3,1
64,0.747055,1,1,2,3,1
64,0.592775,0,1,3,1,1
64,0.69853,0,1,1,2,1
64,0.49086,1,1,3,1,1
64,0.86968,1,2,1,2,1
64,0.53462,1,1,3,2,1
64,0.51557,1,1,2,3,1
64,0.677015,1,2,3,2,1
64,0.59119,1,1,1,2,1
64,0.42415,1,1,3,1,1
64,0.496135,1,1,1,3,1
64,1.129975,0,1,1,3,1
64,0.747245,1,2,3,2,1
64,0.913615,1,2,2,1,1
64,0.4631,1,1,1,3,1
64,0.554465,1,1,2,1,1
64,0.708535,1,1,3,2,1
64,0.542355,1,2,3,1,1
64,0.400295,1,2,1,3,1
65,0.941205,1,1,3,1,1
65,0.67175,0,2,3,2,1
65,0.86755,0,2,1,3,1
65,0.824155,1,1,1,2,1
65,0.706525,0,2,1,2,1
65,0.7405,0,1,2,1,1
65,0.84271,0,1,1,2,1
65,0.63524,1,2,1,3,1
65,0.645765,1,2,3,1,1
65,0.54529,1,1,1,3,1
65,0.80697,1,2,2,1,1
65,0.62158,1,1,2,3,1
65,0.8636,1,1,2,3,1
65,0.67212,1,1,2,1,1
65,0.76644,1,2,3,2,1
65,0.686205,1,1,1,2,1
65,1.0627,0,2,3,2,1
65,0.870425,1,1,3,2,1
65,0.91401,1,2,2,1,1
65,0.99642,0,1,2,3,1
65,0.922555,1,2,3,1,1
65,0.96054,1,2,2,3,1
65,0.73522,1,2,2,1,1
65,0.74787,1,2,3,2,1
65,0.906215,0,1,1,2,1
65,0.47329,1,2,3,1,1
65,0.64829,1,1,2,1,1
65,0.65308,1,2,3,1,1
65,0.91958,1,2,1,2,1
65,0.991615,1,2,2,1,1
65,0.82672,1,2,2,1,1
65,0.551285,1,2,3,1,1
65,1.02099,1,1,2,1,1
65,0.774835,1,2,2,3,1
65,0.785635,1,1,2,1,1
65,0.831855,1,1,1,3,1
65,0.82556,0,2,2,3,1
65,0.77438,1,2,1,3,1
65,0.87804,1,2,1,2,1
65,0.697745,1,2,3,2,1
65,0.657795,1,1,3,1,1
65,0.66338,1,1,1,2,1
65,0.93017,1,1,3,2,1
65,0.921195,0,1,1,3,1
65,0.635385,1,1,3,1,1
65,0.75443,1,1,1,3,1
65,0.857145,1,2,1,3,1
65,0.725815,0,2,1,2,1
65,0.958845,1,2,2,3,1
65,0.76924,1,2,1,3,1
65,0.86574,1,1,3,2,1
65,0.6403,1,1,3,1,1
65,0.642555,1,1,3,2,1
65,0.917965,1,2,2,3,1
65,0.828895,1,2,1,2,1
65,0.717565,1,1,3,2,1
65,0.4828,1,1,3,1,1
65,0.70531,1,1,1,3,1
65,0.92426,1,1,2,3,1
65,0.669845,1,1,2,3,1
