"subID","rt","correct","rwdType","colMatch"
0,822,1,2,2
0,1243.60000014305,1,2,1
0,698,1,1,1
0,716,1,2,2
0,667,1,0,0
0,795.099999904633,1,1,1
0,715.699999809265,1,1,1
0,733.399999856949,1,0,0
0,941.599999904633,1,0,0
0,932.100000143051,1,1,2
0,694.700000047684,1,0,0
0,1155.79999995232,1,1,1
0,800.700000047684,1,1,2
0,739.199999809265,1,1,1
0,901.600000143051,1,1,1
0,796.299999952316,1,0,0
0,708.700000047684,1,1,1
0,1357.09999990463,1,1,2
0,1402.90000009537,1,1,2
0,754.700000047684,1,2,1
0,1004.40000009537,1,1,1
0,1108.40000009537,1,1,1
0,837.799999952316,1,2,1
0,1124.79999995232,1,0,0
0,1123.09999990463,1,2,1
0,1466.79999995232,1,1,1
0,747.599999904633,1,1,1
0,1116.20000004768,1,1,2
0,1076.09999990463,1,1,2
0,697.900000095367,1,2,1
0,1003.90000009537,1,1,2
0,843.900000095367,1,1,1
0,787.100000143051,1,2,1
0,785.900000095367,1,2,1
0,1021.5,1,2,1
0,739.700000047684,1,0,0
0,1027.89999985695,0,1,1
0,1146.5,1,2,1
0,980.900000095367,1,1,1
0,923.100000143051,1,2,1
0,947.899999856949,1,2,2
0,1170.90000009537,1,2,1
0,883.699999809265,1,2,1
0,660.299999952316,1,0,0
0,1187.80000019073,1,2,1
0,657.5,1,2,1
0,1163.5,1,2,1
0,1139.70000004768,1,2,1
0,948.100000143051,1,0,0
0,852.299999952316,1,2,1
0,1739.90000009537,1,2,1
0,761.199999809265,0,1,1
0,963,1,2,2
0,1435.59999990463,1,2,1
0,1388.29999995232,1,2,1
0,1211.70000004768,1,1,1
0,747.700000047684,1,0,0
0,1653,0,1,1
0,1051.09999990463,1,2,1
0,1731.39999985695,0,0,0
0,883.799999952316,1,2,1
0,1130.59999990463,1,0,0
0,1506.90000009537,1,2,2
0,851.099999904633,0,2,1
0,1389,1,0,0
0,962.5,0,1,1
0,979.899999856949,1,1,1
0,954.799999952316,1,1,1
0,843.899999856949,1,1,1
0,1034.70000004768,1,2,1
0,802.900000095367,1,0,0
0,570.700000047684,1,2,1
0,940.400000095367,1,0,0
0,921,1,2,2
0,1386.5,1,0,0
0,850.199999809265,1,2,1
0,1521.59999990463,1,2,1
0,747.100000143051,1,2,1
0,874.5,1,1,1
0,1010.40000009537,1,2,1
0,722.099999904633,1,0,0
0,1000.79999995232,1,1,1
0,1058.79999995232,1,2,1
0,778.5,1,0,0
0,619.799999952316,1,1,1
0,851.099999904633,1,0,0
0,1106,1,1,1
0,769.200000047684,1,2,2
0,906.599999904633,1,2,1
0,1034.20000004768,1,1,1
0,946.299999952316,1,2,1
0,762.200000047684,1,0,0
0,808.400000095367,1,1,1
0,1353,1,1,2
0,688.600000143051,1,1,2
0,858.899999856949,1,1,1
0,851.5,1,1,1
0,1416.90000009537,1,1,1
0,651,1,0,0
0,636.299999952316,1,2,1
0,738.700000047684,1,2,2
0,1148,1,1,1
0,700.099999904633,1,1,1
0,859,1,1,2
0,988.700000047684,1,2,1
0,946.400000095367,1,1,1
0,700.299999952316,1,1,1
0,752.700000047684,1,2,1
0,658.599999904633,1,1,2
0,754.200000047684,1,1,1
0,842.400000095367,1,2,2
0,650.799999952316,1,2,2
0,649,1,2,1
0,803.799999952316,1,1,1
0,859.100000143051,1,0,0
0,833.799999952316,1,1,1
0,545.299999952316,1,2,1
0,746.200000047684,1,1,1
0,1217.29999995232,1,2,2
0,770.5,1,0,0
0,554.599999904633,1,2,1
0,1081.29999995232,0,1,2
0,1009.59999990463,1,0,0
0,786.299999952316,1,0,0
0,793.400000095367,1,2,1
0,542.799999952316,1,1,1
0,817.300000190735,1,0,0
0,849.899999856949,1,0,0
0,793.5,1,2,1
0,569.899999856949,1,1,1
0,591.700000047684,1,0,0
0,648.099999904633,1,2,1
0,660.799999952316,1,1,1
0,704.200000047684,1,1,1
0,935.5,1,1,2
0,720.799999952316,1,0,0
0,714.299999952316,1,2,1
0,642.700000047684,1,1,1
0,527.099999904633,1,1,1
0,713.200000047684,1,0,0
0,521.099999904633,1,0,0
0,577.700000047684,1,1,1
0,649.900000095367,1,2,1
0,728.400000095367,1,2,1
0,1186.09999990463,1,2,2
0,1361.5,0,1,1
0,626.200000047684,1,1,1
0,626.399999856949,1,2,1
0,618.099999904633,1,0,0
0,658.399999856949,1,2,1
0,657.599999904633,1,0,0
0,681.700000047684,1,0,0
0,395.799999952316,1,0,0
0,874.299999952316,1,2,1
0,1307.40000009537,0,2,1
0,614.200000047684,1,1,1
0,1361.59999990463,1,2,2
0,463.700000047684,1,2,2
0,943.199999809265,1,0,0
0,434.5,1,0,0
0,673,1,0,0
0,889.299999952316,1,2,2
0,783,1,1,1
0,775.600000143051,1,2,1
0,960.5,1,1,1
0,815.799999952316,1,1,1
0,710.5,1,1,1
0,1065.29999995232,1,2,1
0,745.599999904633,1,1,1
0,1024.40000009537,1,1,1
0,610.5,1,2,1
0,879.5,1,1,2
0,655.699999809265,1,2,1
0,682.099999904633,1,2,1
0,712.799999952316,1,1,1
0,679.200000047684,1,2,1
0,520.700000047684,1,1,1
0,728.599999904633,0,1,1
0,690.5,1,1,1
0,606.5,1,1,2
0,775.900000095367,1,2,1
0,799,0,1,1
0,978.299999952316,0,0,0
0,1221.10000014305,1,0,0
0,894.100000143051,1,0,0
0,791.300000190735,1,0,0
0,722,1,1,1
0,840.200000047684,1,2,2
0,695.799999952316,1,2,1
0,769.599999904633,1,2,1
0,1256.09999990463,1,2,1
0,579.400000095367,1,0,0
0,778.900000095367,1,1,1
0,864.700000047684,1,0,0
0,650.099999904633,1,2,1
0,888.299999952316,1,0,0
0,658.399999856949,1,0,0
0,536.799999952316,1,2,1
0,992,1,0,0
0,728.099999904633,1,1,1
0,977.200000047684,1,1,2
0,815.100000143051,1,2,1
0,727.700000047684,1,0,0
0,753.5,1,0,0
0,993.199999809265,1,2,1
0,655.200000047684,1,1,1
0,665.199999809265,1,1,1
0,725.899999856949,1,2,1
0,634.900000095367,1,0,0
0,890.200000047684,1,0,0
0,808.200000047684,1,0,0
0,726.799999952316,1,1,1
0,639,1,0,0
0,672.5,1,0,0
0,713.200000047684,1,1,1
0,847.400000095367,1,1,1
0,1176.5,1,1,1
0,688.599999904633,1,1,1
0,800,1,2,2
0,559.5,1,0,0
0,728.5,1,0,0
0,640.900000095367,1,0,0
0,613.600000143051,1,2,1
0,617.099999904633,1,2,2
0,501.900000095367,1,2,1
0,559.700000047684,1,2,1
0,670.899999856949,1,0,0
0,663.400000095367,1,2,1
0,622.400000095367,1,0,0
0,1519.80000019073,1,2,1
0,1272.70000004768,0,1,2
0,711.5,1,0,0
0,958.600000143051,1,2,1
0,729.799999952316,1,2,1
0,502.399999856949,1,1,2
0,808.399999856949,1,1,1
0,616.200000047684,1,1,1
0,634,1,1,1
0,736.399999856949,1,2,1
0,609.800000190735,1,2,1
1,774.100000008941,1,1,1
1,706.59999999404,1,2,1
1,572.29999999702,1,1,1
1,805.09999999404,1,0,0
1,965.90000000596,1,2,1
1,676.600000008941,0,1,2
1,868.5,1,0,0
1,683.70000000298,1,2,1
1,541.800000011921,0,1,1
1,565.29999999702,1,1,1
1,1025.5,1,2,1
1,677,1,2,1
1,612.70000000298,1,2,1
1,844.100000008941,0,0,0
1,691.5,0,0,0
1,596.40000000596,1,1,1
1,753.40000000596,0,1,1
1,987.79999999702,1,2,1
1,717.90000000596,1,0,0
1,795.100000008941,1,1,1
1,645.399999991059,0,2,1
1,388.600000008941,0,1,2
1,616.29999999702,1,1,1
1,949.79999999702,1,1,1
1,876.90000000596,1,0,0
1,1051.29999999702,1,2,1
1,1171.40000000596,1,1,1
1,883.09999999404,1,0,0
1,634,0,1,1
1,1015.80000001192,1,2,1
1,789,1,2,1
1,1068.5,1,1,1
1,1244.19999998808,1,2,1
1,812.20000000298,1,1,1
1,789.70000000298,1,0,0
1,1062.20000000298,1,2,1
1,1636.5,1,2,1
1,804.100000008941,1,0,0
1,462.20000000298,1,1,2
1,1298.59999999404,1,1,1
1,930.59999999404,1,2,1
1,1387.29999999702,1,0,0
1,1275.20000000298,0,2,1
1,792.40000000596,1,2,1
1,734.29999999702,0,2,1
1,1187,0,1,1
1,984.59999999404,1,2,1
1,858.90000000596,1,2,1
1,828.29999999702,1,2,2
1,842.399999991059,0,0,0
1,956,1,2,1
1,727.70000000298,1,2,1
1,724.40000000596,1,2,1
1,1019.59999999404,0,1,1
1,1208.20000000298,1,1,1
1,1217.39999999106,1,1,1
1,824.899999991059,1,2,2
1,1323.90000000596,1,1,1
1,412,1,2,1
1,661.899999991059,1,2,2
1,814.20000000298,1,2,1
1,849.90000000596,1,2,2
1,811.5,1,2,2
1,709.70000000298,1,2,1
1,918.20000000298,0,1,1
1,962.70000000298,1,1,1
1,908.79999999702,0,0,0
1,1043.20000000298,0,0,0
1,819.70000000298,1,2,1
1,1370.20000000298,0,1,1
1,715.09999999404,1,1,1
1,762.899999991059,1,0,0
1,771.40000000596,1,0,0
1,826.90000000596,1,2,1
1,732.90000000596,1,0,0
1,403.5,0,0,0
1,744.59999999404,1,2,2
1,682.20000000298,0,1,1
1,969.29999999702,1,2,1
1,818.5,0,2,2
1,841.5,0,0,0
1,600.5,1,2,2
1,890.79999999702,1,2,1
1,554.90000000596,0,2,1
1,746.79999999702,1,1,1
1,837.5,1,0,0
1,554.5,1,0,0
1,699.09999999404,0,2,2
1,604.20000000298,1,0,0
1,449.300000011921,1,0,0
1,409.79999999702,1,0,0
1,387.20000000298,1,1,2
1,1852.29999999702,1,1,1
1,559.59999999404,1,1,2
1,476.100000008941,1,0,0
1,538.800000011921,1,2,1
1,643.70000000298,1,0,0
1,506.20000000298,0,0,0
1,627.70000000298,0,2,1
1,764,1,0,0
1,529.800000011921,1,1,1
1,618.20000000298,1,0,0
1,648.70000000298,1,1,1
1,465.5,0,1,1
1,841.5,1,2,1
1,698.199999988079,1,1,1
1,625.29999999702,0,2,1
1,569.800000011921,1,1,1
1,674.40000000596,1,1,1
1,960.300000011921,1,1,1
1,379.100000008941,1,0,0
1,537,1,2,1
1,679.29999999702,1,1,1
1,729,1,1,2
1,642.79999999702,0,2,1
1,753.79999999702,1,2,1
1,746.59999999404,0,2,2
1,1042.69999998808,0,1,1
1,478.79999999702,1,0,0
1,838.300000011921,1,0,0
1,417,1,2,2
1,720.899999991059,1,0,0
1,570.59999999404,0,0,0
1,800.79999999702,1,2,1
1,658.5,1,1,2
1,609.199999988079,1,2,1
1,634.399999991059,1,1,1
1,593.59999999404,0,1,1
1,744.800000011921,1,2,1
1,1033.19999998808,0,1,2
1,634.29999999702,1,0,0
1,593.5,1,0,0
1,778.29999999702,1,1,1
1,679.300000011921,0,1,1
1,554.699999988079,1,1,1
1,769,1,1,1
1,745.199999988079,0,1,1
1,1010.60000000894,1,2,1
1,465.29999999702,1,1,1
1,710.399999991059,0,2,1
1,635.20000000298,0,2,1
1,489.79999999702,1,2,1
1,642.100000008941,1,1,2
1,514.199999988079,1,2,2
1,683.399999991059,1,1,1
1,634.199999988079,0,0,0
1,851.5,0,2,1
1,834.800000011921,0,0,0
1,451.600000008941,1,0,0
1,648.70000000298,1,1,1
1,1088.89999999106,0,1,2
1,842.300000011921,0,1,1
1,571.79999999702,0,2,1
1,633.90000000596,1,1,1
1,622.70000000298,1,0,0
1,687.300000011921,1,1,1
1,784.90000000596,1,0,0
1,776.399999991059,1,2,1
1,688.300000011921,1,2,1
1,553.899999991059,0,2,1
1,553.5,1,2,1
1,824.40000000596,1,1,2
1,706,0,0,0
1,472.90000000596,1,2,2
1,536,0,1,1
1,729.20000000298,1,2,1
1,792.59999999404,0,2,1
1,728.5,0,2,1
1,641.29999999702,0,2,1
1,784.59999999404,1,1,2
1,562.40000000596,1,2,2
1,415.100000008941,1,2,2
1,489.800000011921,1,2,1
1,786.899999991059,0,2,1
1,585.79999999702,1,1,1
1,665.59999999404,1,0,0
1,504.5,0,1,1
1,569.29999999702,1,0,0
1,458.59999999404,1,0,0
1,696.09999999404,1,2,1
1,544.90000000596,1,0,0
1,889.300000011921,1,1,1
1,674,1,0,0
1,780.20000000298,1,0,0
1,527.5,1,1,1
1,539.100000008941,0,0,0
1,712.90000000596,1,1,1
1,473.20000000298,0,2,1
1,834.59999999404,0,2,1
1,602.79999999702,1,1,1
1,478.5,0,2,1
1,697.20000000298,1,1,2
1,458.09999999404,1,0,0
1,849.90000000596,1,1,1
1,691.199999988079,0,1,1
1,666.600000008941,1,1,2
1,510.90000000596,1,2,1
1,714,0,1,1
1,783.90000000596,0,0,0
1,832,1,2,2
1,415.59999999404,1,2,2
1,723.899999991059,1,2,1
1,695.70000000298,1,0,0
1,544.79999999702,1,2,1
1,550.79999999702,1,0,0
1,377.90000000596,1,2,2
1,567.79999999702,0,0,0
1,776.40000000596,0,1,1
1,681.600000008941,1,0,0
1,601.600000008941,1,1,1
1,629.899999991059,0,1,1
1,807.600000008941,1,2,1
1,456,1,1,2
1,455.70000000298,0,2,1
1,407,1,1,1
1,593.600000008941,0,0,0
1,815.699999988079,1,1,1
1,762.399999991059,0,0,0
1,881.600000008941,0,1,1
1,726.29999999702,1,2,1
1,592.5,1,0,0
1,696.09999999404,0,1,1
1,660.600000008941,0,1,1
1,775.79999999702,1,1,1
1,1233.59999999404,1,0,0
1,614.5,1,1,1
1,567.699999988079,0,1,2
1,577.800000011921,0,0,0
1,711.20000000298,0,1,1
1,559.20000000298,1,2,1
1,606.5,1,2,1
1,600.20000000298,0,1,1
1,508.800000011921,0,1,1
1,713.59999999404,1,2,1
1,1094.39999999106,0,2,1
1,670.70000000298,1,1,1
1,951.399999991059,0,2,1
2,712.70000000298,1,2,1
2,826.29999999702,0,1,1
2,648.899999991059,1,2,1
2,528.09999999404,1,0,0
2,906.20000000298,1,0,0
2,535.90000000596,1,2,2
2,603.800000011921,1,2,1
2,680.59999999404,1,1,2
2,650.20000000298,1,1,1
2,707.600000008941,1,2,1
2,697.79999999702,1,2,1
2,576.399999991059,1,0,0
2,642.40000000596,1,0,0
2,745.100000008941,1,0,0
2,884.29999999702,0,1,1
2,641.20000000298,1,0,0
2,623.29999999702,1,0,0
2,1179.5,1,1,1
2,735.5,1,0,0
2,753.70000000298,1,2,1
2,737.79999999702,1,2,1
2,969.399999991059,0,1,1
2,1660.59999999404,0,2,2
2,967.59999999404,1,1,1
2,746.79999999702,0,0,0
2,929.600000008941,1,1,1
2,986.09999999404,0,1,2
2,886,1,2,1
2,550.100000008941,1,2,1
2,880.5,0,1,1
2,597.59999999404,1,2,1
2,937.70000000298,0,0,0
2,787.5,1,1,1
2,705.70000000298,1,2,1
2,1224.70000000298,1,2,1
2,481.600000008941,1,2,1
2,474.699999988079,1,1,1
2,1145.40000000596,0,1,1
2,767.79999999702,1,1,1
2,516.40000000596,1,1,2
2,2432.80000001192,0,2,1
2,960.90000000596,1,2,1
2,740.79999999702,1,1,2
2,838.800000011921,1,0,0
2,466.40000000596,1,2,1
2,613.29999999702,1,2,2
2,680.70000000298,1,1,1
2,562.899999991059,1,0,0
2,1153.70000000298,1,2,1
2,842.70000000298,1,1,2
2,658.399999991059,0,1,1
2,642.399999991059,1,1,1
2,698.29999999702,1,1,1
2,810.09999999404,1,2,1
2,1199.59999999404,1,0,0
2,818.5,1,0,0
2,648.09999999404,1,2,1
2,642.300000011921,1,2,1
2,631.5,0,0,0
2,605.5,1,0,0
2,679.90000000596,1,0,0
2,952.70000000298,0,0,0
2,1134.90000000596,0,2,2
2,623.70000000298,1,0,0
2,503.70000000298,1,0,0
2,639.70000000298,1,0,0
2,929,1,1,1
2,728.20000000298,1,1,1
2,688.59999999404,1,2,1
2,816.70000000298,1,1,1
2,935.399999991059,1,1,2
2,551.600000008941,1,0,0
2,563.5,0,2,1
2,686.5,1,2,2
2,766.79999999702,0,2,2
2,711.20000000298,1,1,1
2,638.399999991059,1,1,1
2,1121.90000000596,1,1,2
2,670.399999991059,1,1,1
2,718.5,1,1,1
2,601.199999988079,0,0,0
2,863.5,1,2,1
2,826,1,1,1
2,665.600000008941,1,2,2
2,535.40000000596,1,1,2
2,802.20000000298,1,2,1
2,980.40000000596,0,2,2
2,853.09999999404,1,1,1
2,841.40000000596,1,0,0
2,529.600000008941,1,1,1
2,728.100000008941,1,0,0
2,801.29999999702,1,2,1
2,794.29999999702,0,0,0
2,889.79999999702,1,2,1
2,582.300000011921,1,0,0
2,512.40000000596,1,2,2
2,802.29999999702,1,2,1
2,646.899999991059,0,2,1
2,600.09999999404,0,1,1
2,784.29999999702,1,2,1
2,673.5,1,1,1
2,743.20000000298,1,2,1
2,992.09999999404,1,2,1
2,599.20000000298,1,1,2
2,488.100000008941,1,1,1
2,880.29999999702,1,1,1
2,407.20000000298,1,1,2
2,645.59999999404,1,1,1
2,642,1,1,1
2,505.29999999702,1,2,1
2,663.90000000596,1,1,1
2,455.699999988079,1,0,0
2,576.20000000298,1,0,0
2,472.09999999404,1,1,1
2,649.90000000596,1,2,1
2,545.5,1,1,1
2,881.79999999702,1,0,0
2,893.79999999702,1,1,1
2,799.5,1,1,1
2,958.199999988079,1,2,2
2,579.70000000298,0,2,2
2,534,1,1,2
2,655.79999999702,1,1,1
2,936.5,0,1,1
2,887.40000000596,1,1,1
2,544.399999991059,1,2,1
2,823.29999999702,1,0,0
2,653.79999999702,1,2,2
2,711.399999991059,0,1,1
2,522.399999991059,1,0,0
2,1119.59999999404,0,1,2
2,504.29999999702,1,1,1
2,565.20000000298,1,1,2
2,512.600000008941,1,2,1
2,477.90000000596,1,0,0
2,815.70000000298,0,2,2
2,878.300000011921,0,2,1
2,1567.09999999404,1,2,1
2,511.5,1,1,1
2,496.29999999702,1,1,1
2,608.09999999404,1,2,1
2,398.90000000596,1,2,1
2,475.40000000596,1,2,1
2,856,0,0,0
2,476.90000000596,1,0,0
2,550.59999999404,1,1,1
2,1008.09999999404,1,2,1
2,582.09999999404,1,2,1
2,849.09999999404,1,2,1
2,656.40000000596,1,1,2
2,631.20000000298,1,0,0
2,613.79999999702,1,2,1
2,573.5,1,2,1
2,513.699999988079,1,2,1
2,789.399999991059,0,0,0
2,639.09999999404,1,2,1
2,503.5,1,2,1
2,815,1,2,1
2,446.399999991059,1,2,1
2,495.09999999404,1,2,1
2,958.40000000596,1,1,1
2,661.5,1,2,1
2,710.40000000596,1,2,1
2,533.899999991059,0,2,2
2,1231.59999999404,1,2,1
2,431.40000000596,1,2,1
2,593.70000000298,1,0,0
2,734.899999991059,1,0,0
2,550.40000000596,1,0,0
2,1551.09999999404,1,0,0
2,414.5,1,1,1
2,438.90000000596,1,2,1
2,711.40000000596,1,0,0
2,532.5,1,1,1
2,827.79999999702,1,0,0
2,831.09999999404,1,2,1
2,660.29999999702,1,0,0
2,540.199999988079,1,0,0
2,629.59999999404,1,2,2
2,455.79999999702,1,0,0
2,444.79999999702,1,2,1
2,520.29999999702,1,1,1
2,478.70000000298,1,1,1
2,436.70000000298,1,1,1
2,783.20000000298,1,1,1
2,534.699999988079,1,2,2
2,573,0,0,0
2,680.399999991059,1,1,1
2,535.40000000596,1,0,0
2,784.70000000298,1,0,0
2,493.5,1,1,1
2,694.79999999702,1,1,1
2,543.5,1,2,2
2,463.90000000596,1,1,1
2,544,1,2,1
2,439.90000000596,1,2,1
2,533.90000000596,1,1,2
2,632,1,1,1
2,467.29999999702,1,0,0
2,1093.29999999702,1,1,1
2,646.79999999702,1,2,1
2,861.40000000596,1,2,1
2,487.70000000298,1,2,1
2,733.600000008941,0,0,0
2,460,1,1,1
2,469.59999999404,1,1,2
2,534.59999999404,1,0,0
2,564.70000000298,1,1,1
2,547.70000000298,1,0,0
2,495.399999991059,1,1,1
2,549.5,1,2,1
2,713.5,1,1,1
2,573,1,2,1
2,825.29999999702,1,0,0
2,1116,0,0,0
2,627.600000008941,0,0,0
2,508.199999988079,1,2,2
2,582.90000000596,1,1,2
2,1055.29999999702,1,2,1
2,741.600000008941,1,1,1
2,1079.29999999702,1,1,1
2,493.90000000596,0,2,1
2,605.600000008941,1,1,1
2,973.20000000298,0,2,1
2,645,1,0,0
2,443.20000000298,1,1,1
2,556.399999991059,1,0,0
2,613.20000000298,1,2,1
2,1019.20000000298,1,2,1
2,642.79999999702,1,1,1
2,498.899999991059,1,0,0
2,597.5,1,1,2
2,720,1,2,1
2,507,1,1,1
3,666.20000000298,1,1,1
3,746.20000000298,1,1,1
3,696.5,1,2,1
3,775.100000008941,1,0,0
3,765.90000000596,1,1,1
3,598.20000000298,0,2,2
3,711.399999991059,0,0,0
3,1007.29999999702,0,1,1
3,1487.29999999702,1,1,1
3,597.70000000298,1,1,1
3,718.70000000298,1,0,0
3,1318,0,2,1
3,1426.60000000894,1,1,1
3,1542.69999998808,0,2,1
3,824.5,1,2,2
3,846,1,2,1
3,799.79999999702,0,1,1
3,871.20000000298,1,2,1
3,815.09999999404,1,0,0
3,1198,1,2,1
3,960.100000008941,1,1,2
3,830.100000008941,0,2,1
3,1165.90000000596,1,2,1
3,837.100000008941,1,1,1
3,957.70000000298,1,0,0
3,832.29999999702,1,1,2
3,703.20000000298,1,2,2
3,679.70000000298,1,0,0
3,742,1,2,1
3,774.899999991059,0,2,1
3,1093.59999999404,1,0,0
3,951.40000000596,1,0,0
3,823.90000000596,1,1,2
3,1495.40000000596,0,2,1
3,797,0,0,0
3,655,1,1,1
3,1038.10000000894,1,0,0
3,1261.40000000596,1,0,0
3,1029.40000000596,1,2,1
3,731.300000011921,1,0,0
3,566.600000008941,1,1,2
3,996.90000000596,1,2,1
3,831.59999999404,0,0,0
3,901.5,0,2,1
3,970.90000000596,1,2,1
3,862.09999999404,1,1,1
3,1414.39999999106,1,0,0
3,948.5,1,0,0
3,1454.5,1,0,0
3,1728,0,1,2
3,1086.20000000298,1,1,1
3,853.79999999702,1,1,1
3,1030,0,0,0
3,1639.79999999702,0,1,1
3,1548.20000000298,1,1,1
3,1317.70000000298,0,1,2
3,476.20000000298,1,0,0
3,1293.10000000894,1,2,1
3,1100.09999999404,1,2,1
3,1022.39999999106,1,1,1
3,993.199999988079,0,1,1
3,884.5,1,2,1
3,859.5,1,2,1
3,1838,1,2,2
3,952.5,0,1,2
3,1189.29999999702,1,1,1
3,1068.29999999702,1,0,0
3,861.20000000298,1,1,1
3,1158.5,1,2,1
3,1030.09999999404,1,2,1
3,694,1,1,1
3,663.70000000298,1,0,0
3,1197.19999998808,0,1,1
3,837.5,1,0,0
3,911.70000000298,1,2,1
3,808.29999999702,1,2,1
3,1565.90000000596,1,1,1
3,1127.09999999404,1,0,0
3,639.09999999404,1,0,0
3,820.899999991059,1,1,1
3,1317.20000000298,0,1,1
3,925.199999988079,1,2,2
3,837.100000008941,1,2,2
3,1060.69999998808,1,2,1
3,893.79999999702,1,1,1
3,1190.20000000298,1,1,1
3,1070.29999999702,1,0,0
3,923.79999999702,1,2,1
3,895.899999991059,0,1,1
3,1516.89999999106,0,1,1
3,1228.19999998808,1,1,1
3,926.59999999404,1,1,1
3,1197.5,1,2,1
3,909.5,1,1,1
3,1172.60000000894,1,0,0
3,1187.5,1,2,1
3,916.79999999702,1,1,1
3,1734.59999999404,1,1,1
3,1692.59999999404,1,2,2
3,775.20000000298,1,0,0
3,1204.59999999404,1,2,1
3,1342.5,0,1,1
3,740.79999999702,1,1,1
3,803.800000011921,1,2,1
3,789,1,2,1
3,900,0,1,1
3,1225.10000000894,1,1,1
3,914.70000000298,1,1,1
3,771.5,1,1,1
3,645.29999999702,1,2,1
3,1645.39999999106,1,1,1
3,704.79999999702,1,2,1
3,982.09999999404,1,1,2
3,810.5,1,0,0
3,1165.40000000596,0,1,2
3,747,1,0,0
3,1291.79999999702,1,1,1
3,1538.40000000596,1,0,0
3,637.09999999404,1,2,1
3,685.09999999404,1,1,2
3,764.90000000596,1,1,1
3,765,1,1,1
3,1732.79999999702,1,0,0
3,693.90000000596,1,1,1
3,827.79999999702,1,2,1
3,676.100000008941,1,0,0
3,731.59999999404,0,2,1
3,734.29999999702,0,2,1
3,1332.29999999702,0,2,2
3,1661.30000001192,1,2,1
3,1397.70000000298,1,0,0
3,1045.90000000596,1,2,1
3,1629.5,1,2,2
3,940.59999999404,1,0,0
3,834.70000000298,1,1,1
3,1731,1,0,0
3,1282.90000000596,0,2,1
3,1803.40000000596,1,1,2
3,1278.29999999702,0,1,1
3,1187.90000000596,1,0,0
3,1092,1,2,2
3,1117.40000000596,1,0,0
3,1052.79999999702,1,2,2
3,1332.40000000596,1,2,1
3,1292.59999999404,0,2,1
3,1195.20000000298,1,0,0
3,1659.89999999106,1,2,1
3,861.29999999702,1,1,1
3,675.29999999702,1,0,0
3,1580.79999999702,1,1,1
3,571.70000000298,1,1,1
3,938,1,0,0
3,910.5,0,2,1
3,965.600000008941,0,1,1
3,684.600000008941,0,0,0
3,1276.69999998808,1,1,1
3,1356.29999999702,0,1,1
3,763,1,0,0
3,1483.59999999404,1,0,0
3,1731.79999999702,0,2,1
3,1838.79999999702,1,2,1
3,1068.80000001192,1,2,1
3,1435.90000000596,1,2,1
3,1276.20000000298,1,2,1
3,1898.79999999702,1,2,1
3,1197.5,1,2,1
3,1142.59999999404,0,1,2
3,1203.20000000298,1,2,2
3,1425.40000000596,1,0,0
3,648.300000011921,1,1,2
3,1446.19999998808,1,2,1
3,1755.09999999404,0,0,0
3,1083.29999999702,0,0,0
3,500.40000000596,1,2,1
3,1636.59999999404,1,2,1
3,547.40000000596,1,1,2
3,1539.30000001192,1,2,1
3,868.600000008941,1,2,2
3,577.59999999404,1,2,1
3,851.59999999404,1,1,2
3,715.40000000596,1,1,1
3,586.29999999702,1,2,2
3,452.100000008941,1,2,1
3,851.5,1,0,0
3,747.100000008941,1,0,0
3,805.29999999702,0,1,1
3,868.899999991059,1,2,1
3,1347.79999999702,1,1,1
3,731.5,1,1,2
3,786.600000008941,1,2,1
3,1801,1,2,1
3,789.399999991059,1,1,1
3,762.79999999702,1,0,0
3,980.600000008941,1,2,1
3,1082.30000001192,1,1,2
3,707.899999991059,1,1,1
3,1403.20000000298,1,1,1
3,1122.59999999404,1,0,0
3,1267.89999999106,0,2,1
3,1146.19999998808,1,1,1
3,493.899999991059,0,1,1
3,1305.5,1,2,1
3,899.699999988079,1,1,1
3,785.70000000298,1,1,1
3,532.399999991059,1,0,0
3,739.90000000596,1,0,0
3,1004.39999999106,1,1,1
3,423,1,2,1
3,434.899999991059,1,2,1
3,691.100000008941,1,2,1
3,929,0,0,0
3,915.29999999702,1,0,0
3,1289.09999999404,1,1,1
3,508.59999999404,1,2,1
3,702.40000000596,1,0,0
3,1523.69999998808,1,0,0
3,1488.79999999702,1,2,1
3,849.70000000298,1,2,1
3,682.5,1,0,0
3,1073.59999999404,1,1,1
3,1226.09999999404,1,2,2
3,609.29999999702,1,2,1
3,776.5,1,1,1
3,722.5,0,2,2
3,925.79999999702,1,0,0
3,696.29999999702,1,1,1
3,801.29999999702,1,1,1
3,940.59999999404,1,2,2
3,973.29999999702,1,2,1
3,1129.5,1,2,1
3,820.800000011921,1,0,0
3,812.5,0,1,1
3,1705.80000001192,0,1,1
3,1301.70000000298,0,1,1
3,843.40000000596,0,1,2
3,753.90000000596,1,1,1
4,1398.79999999702,1,1,1
4,1339.89999999851,1,2,1
4,823,0,1,1
4,710.70000000298,1,1,1
4,1357.79999999702,1,2,1
4,1293.10000000149,1,0,0
4,982.39999999851,1,1,1
4,893.79999999702,1,1,1
4,1070.70000000298,0,2,1
4,855.79999999702,1,1,2
4,1000.10000000149,1,0,0
4,1030.79999999702,1,0,0
4,1006.70000000298,1,2,1
4,1100.39999999851,1,2,1
4,1166.5,1,0,0
4,838.39999999851,1,0,0
4,1333.79999999702,1,2,1
4,956.69999999553,1,2,1
4,982.09999999404,0,0,0
4,917.89999999851,1,0,0
4,742.60000000149,1,1,1
4,1437.59999999404,1,1,1
4,1157.30000000447,0,0,0
4,1270.5,0,2,1
4,530.39999999851,1,1,2
4,1045.20000000298,0,2,1
4,965.60000000149,1,1,1
4,1135.30000000447,1,2,1
4,765.20000000298,1,1,2
4,1086.90000000596,1,0,0
4,1134.10000000149,1,2,1
4,997.39999999851,1,0,0
4,891.79999999702,1,0,0
4,1694,1,2,1
4,974.69999999553,1,2,2
4,1165.5,1,2,1
4,920.09999999404,1,2,1
4,749.5,1,1,2
4,1841.59999999404,0,2,1
4,892.19999999553,1,1,1
4,820.40000000596,1,0,0
4,1220.69999999553,1,1,1
4,941.5,1,0,0
4,1645.69999999553,1,1,1
4,917.60000000149,1,2,1
4,1406,0,0,0
4,774.20000000298,1,0,0
4,1124.89999999851,1,1,1
4,869.60000000149,1,2,1
4,900.69999999553,1,2,1
4,995.39999999851,1,1,2
4,883.20000000298,1,1,1
4,1044,1,2,2
4,2011.60000000149,1,2,1
4,797.60000000149,1,0,0
4,1205,1,2,1
4,1027.60000000149,1,1,1
4,1147.80000000447,1,0,0
4,980.79999999702,1,0,0
4,1563.39999999851,1,1,1
4,804.5,0,1,1
4,852.79999999702,0,2,1
4,1176,1,2,1
4,1053.39999999851,1,0,0
4,710.30000000447,1,1,1
4,894.5,0,2,2
4,708.70000000298,0,2,1
4,1069.60000000149,0,1,1
4,948.39999999851,0,0,0
4,1014,0,1,1
4,1102.89999999851,1,1,1
4,1028.80000000447,1,1,2
4,1133,1,1,1
4,868.60000000149,1,2,1
4,1413.79999999702,1,2,1
4,1324,0,1,2
4,963.89999999851,0,1,1
4,1278.39999999851,1,2,1
4,1348.60000000149,1,0,0
4,2196,1,1,1
4,1245.80000000447,0,2,1
4,1156.30000000447,1,2,1
4,844.79999999702,1,0,0
4,964.70000000298,0,1,1
4,963.30000000447,1,2,1
4,929.60000000149,1,1,2
4,951.90000000596,1,1,2
4,964.70000000298,1,2,1
4,1038,0,1,1
4,2107,1,1,1
4,684.5,1,2,2
4,1010.60000000149,1,1,1
4,700.80000000447,1,2,1
4,764.09999999404,1,2,1
4,852.20000000298,1,2,1
4,850.10000000149,1,2,1
4,1253.10000000149,1,2,1
4,1087.40000000596,0,1,2
4,1259.39999999851,1,1,2
4,1004.20000000298,1,0,0
4,886.20000000298,1,2,1
4,853.89999999851,1,2,2
4,860.5,1,2,2
4,877.10000000149,0,2,2
4,1172.19999999553,1,2,1
4,1595.40000000596,1,1,1
4,1068.09999999404,1,1,2
4,956.79999999702,1,2,2
4,988.09999999404,1,1,2
4,964,1,2,1
4,852,1,0,0
4,865.79999999702,1,1,1
4,1148.80000000447,1,0,0
4,766.19999999553,1,2,1
4,924.60000000149,1,1,1
4,1388.5,0,1,1
4,797.39999999851,1,1,1
4,1139.59999999404,1,0,0
4,867.70000000298,1,0,0
4,1098.69999999553,0,0,0
4,950.10000000149,0,2,1
4,813,1,0,0
4,1101.5,0,2,2
4,996.89999999851,1,2,1
4,1049.89999999851,1,1,2
4,595.20000000298,1,1,1
4,1326,1,2,2
4,1019.70000000298,1,0,0
4,1428.69999999553,1,2,2
4,828.10000000149,1,2,1
4,868.39999999851,1,2,1
4,891.89999999851,1,1,1
4,1123.89999999851,1,0,0
4,779.39999999851,1,2,2
4,1299.90000000596,1,2,1
4,980.89999999851,1,0,0
4,1300.79999999702,1,2,2
4,1317.70000000298,0,0,0
4,1013.10000000149,0,0,0
4,979.39999999851,0,1,1
4,923.5,1,0,0
4,1002.60000000149,1,2,1
4,1236.10000000149,1,1,1
4,1158.5,1,1,1
4,1195.60000000149,1,1,1
4,1076.20000000298,1,2,1
4,762.70000000298,1,0,0
4,757.20000000298,1,2,2
4,1044.29999999702,1,1,1
4,986,1,1,1
4,877.29999999702,1,1,1
4,980.20000000298,1,0,0
4,899.79999999702,1,1,2
4,947,1,1,1
4,812.39999999851,1,2,1
4,1202.39999999851,1,0,0
4,1355.29999999702,1,1,1
4,945.30000000447,1,1,1
4,853.69999999553,0,1,1
4,915.79999999702,1,0,0
4,1245.20000000298,1,0,0
4,1507.29999999702,0,1,1
4,859.10000000149,1,1,1
4,723.59999999404,1,2,1
4,1076.60000000149,1,2,1
4,1163.40000000596,1,2,1
4,1187.89999999851,1,2,1
4,1885.5,0,2,1
4,875,1,0,0
4,1036.5,1,2,1
4,962.79999999702,1,1,1
4,1274.20000000298,1,2,1
4,1052.79999999702,1,0,0
4,1005.79999999702,1,1,1
4,835.60000000149,0,2,1
4,915.29999999702,1,1,1
4,965.20000000298,1,1,1
4,1083.10000000149,1,2,1
4,1235,0,0,0
4,1065.70000000298,0,1,2
4,829,1,2,2
4,1204.10000000149,1,1,1
4,1194.30000000447,1,0,0
4,866.60000000149,1,1,1
4,989,0,1,1
4,722.19999999553,1,2,1
4,851.70000000298,1,2,1
4,1099.59999999404,0,2,1
4,1083.90000000596,1,1,1
4,826,1,2,1
4,1052,1,0,0
4,1064,1,1,1
4,939.20000000298,1,2,1
4,818.29999999702,1,2,1
4,1132.89999999851,0,0,0
4,849.20000000298,1,1,1
4,1195.29999999702,1,2,1
4,1401,1,0,0
4,1242.10000000149,0,0,0
4,681.70000000298,1,0,0
4,1594.60000000149,1,2,1
4,1067.20000000298,1,0,0
4,873.89999999851,0,2,1
4,1204.30000000447,0,0,0
4,715.5,1,1,1
4,859.10000000149,0,1,1
4,794.29999999702,1,1,1
4,1442.70000000298,0,1,1
4,1059.60000000149,1,1,1
4,1259.39999999851,1,0,0
4,878.20000000298,1,1,1
4,1028.10000000149,1,0,0
4,1724.5,0,1,1
4,819.69999999553,1,2,1
4,1396.70000000298,1,1,1
4,617.09999999404,1,2,2
4,915.39999999851,1,2,1
4,554.79999999702,1,0,0
4,930.10000000149,0,1,2
4,1002,1,1,1
4,986.39999999851,0,2,1
4,1057.5,0,0,0
4,737.80000000447,1,0,0
4,771.19999999553,1,1,1
4,809.60000000149,1,1,1
4,651,1,1,1
4,763.89999999851,1,0,0
4,845,1,2,1
4,1801.69999999553,1,2,1
4,1066,0,2,2
4,1345.69999999553,0,0,0
4,1320.60000000149,0,1,1
4,609.59999999404,1,0,0
4,1543.29999999702,0,2,1
4,849.89999999851,1,1,2
4,848.20000000298,1,1,1
4,771.69999999553,1,2,2
4,1649.29999999702,0,1,1
4,1081.20000000298,1,0,0
4,1698.89999999851,1,2,1
5,1034,0,1,1
5,1001.30000001192,0,2,1
5,584.200000017881,1,1,1
5,512.90000000596,1,2,2
5,674.09999999404,0,1,1
5,764.300000011921,1,0,0
5,969.800000011921,1,2,2
5,770.300000011921,0,2,1
5,666.90000000596,1,1,1
5,732.90000000596,0,1,1
5,745.90000000596,1,0,0
5,770.09999999404,1,1,2
5,603.5,0,2,1
5,619.299999982119,1,2,1
5,1706.5,1,1,1
5,457.09999999404,1,0,0
5,498.299999982119,1,0,0
5,779.300000011921,0,1,1
5,466.700000017881,0,0,0
5,477,0,2,1
5,760.09999999404,0,1,1
5,712.799999982119,0,0,0
5,931.800000011921,0,1,1
5,792.5,0,1,2
5,393.09999999404,0,1,1
5,1117,0,2,1
5,1023.70000001788,1,1,1
5,833.699999988079,0,1,1
5,1250.39999997616,1,1,1
5,763,1,1,1
5,807.5,0,0,0
5,640,0,1,1
5,831.399999976158,1,2,1
5,777,1,2,1
5,681,0,2,1
5,473.09999999404,0,0,0
5,656.90000000596,1,2,1
5,968.5,0,2,1
5,949.600000023842,1,1,2
5,1049.40000000596,1,0,0
5,743.600000023842,0,0,0
5,977,0,2,1
5,873.40000000596,1,1,2
5,1537.20000001788,0,0,0
5,425.40000000596,0,1,1
5,504.90000000596,0,1,1
5,1032.30000001192,1,2,1
5,1004.69999998808,1,0,0
5,1143.70000001788,0,1,1
5,1689.69999998808,1,1,2
5,968.40000000596,1,1,1
5,919.09999999404,1,0,0
5,721.199999988079,0,0,0
5,474,1,2,1
5,611.199999988079,1,1,1
5,423.300000011921,0,2,1
5,684.40000000596,1,2,1
5,728.5,1,0,0
5,634.800000011921,0,1,1
5,512.799999982119,0,1,2
5,2343.79999998212,0,0,0
5,712.800000011921,1,2,1
5,528.799999982119,0,2,2
5,624.90000000596,1,2,1
5,626.5,1,1,1
5,1070.59999999404,1,2,1
5,624.09999999404,1,0,0
5,808.09999999404,0,0,0
5,706.699999988079,0,2,1
5,1496,1,1,1
5,471.199999988079,1,1,1
5,846.5,0,2,1
5,624.100000023842,0,1,1
5,1281,0,2,1
5,1656,0,2,2
5,425.40000000596,1,0,0
5,768.199999988079,1,1,1
5,481.399999976158,1,2,1
5,1026.39999997616,0,2,1
5,616.59999999404,0,1,1
5,417,1,2,1
5,610.200000017881,1,1,1
5,609.59999999404,1,2,1
5,670.299999982119,1,2,1
5,385.40000000596,1,1,2
5,783.5,0,0,0
5,1039.20000001788,0,1,1
5,414,0,2,1
5,823.40000000596,1,1,1
5,2187.40000000596,0,2,1
5,2329.40000000596,0,2,1
5,2326.90000000596,0,1,1
5,679.300000011921,1,2,1
5,391.5,1,0,0
5,577,1,2,1
5,449,1,2,2
5,735.300000011921,1,0,0
5,598.5,1,1,2
5,575.5,1,0,0
5,639.199999988079,0,1,1
5,626.200000017881,0,1,1
5,823.699999988079,0,1,1
5,1230.40000000596,0,2,1
5,472,0,1,1
5,464.5,1,2,1
5,947.700000017881,1,1,1
5,523.199999988079,1,2,1
5,734.600000023842,1,1,1
5,696.300000011921,1,2,1
5,746,0,0,0
5,448,0,2,1
5,863.40000000596,1,1,1
5,423.800000011921,0,2,2
5,758.399999976158,0,2,1
5,1613.09999999404,0,0,0
5,446.40000000596,0,2,1
5,831.40000000596,0,1,2
5,877.59999999404,1,1,1
5,402.199999988079,0,2,1
5,383.899999976158,1,1,2
5,408.59999999404,1,2,1
5,582.200000017881,0,2,1
5,927.5,0,1,1
5,711.09999999404,1,1,1
5,424.09999999404,1,1,1
5,406.59999999404,1,1,2
5,695.09999999404,0,0,0
5,2454,1,2,1
5,2478.30000001192,0,1,2
5,383.40000000596,0,0,0
5,1666.19999998808,1,0,0
5,734.199999988079,0,1,1
5,438.300000011921,1,0,0
5,1145.59999999404,0,2,1
5,950.40000000596,0,1,1
5,389.700000017881,1,1,1
5,782.40000000596,0,0,0
5,2425.60000002384,1,0,0
5,1682.69999998808,1,2,1
5,710.300000011921,0,0,0
5,533.199999988079,0,1,1
5,536.200000017881,1,2,2
5,1190.59999999404,0,2,1
5,615.300000011921,0,2,1
5,1103.09999999404,0,0,0
5,383,1,1,1
5,580.799999982119,1,2,1
5,680.200000017881,0,1,1
5,455.09999999404,1,1,1
5,469.299999982119,1,0,0
5,2181.09999999404,0,2,1
5,612.199999988079,0,0,0
5,494.5,0,1,1
5,613.5,1,2,1
5,1462.5,0,2,2
5,657.100000023842,1,1,1
5,1867,1,2,1
5,533.799999982119,0,1,1
5,398.199999988079,1,2,1
5,487.700000017881,0,1,1
5,582.199999988079,0,2,1
5,627.90000000596,0,1,1
5,1303,0,2,1
5,558.100000023842,1,1,1
5,613,0,2,1
5,641.300000011921,1,2,1
5,511,1,2,1
5,390.09999999404,1,2,1
5,716.799999982119,0,2,1
5,787.90000000596,1,0,0
5,893.90000000596,1,2,2
5,644.800000011921,0,2,2
6,1345.40000000596,1,1,1
6,2337.90000000596,1,1,1
6,832.300000011921,1,2,1
6,806.800000011921,1,0,0
6,921.199999988079,1,2,2
6,1026.19999998808,1,0,0
6,1720.69999998808,1,2,1
6,991.90000000596,1,1,2
6,843.90000000596,1,1,1
6,1048.5,1,1,2
6,803.90000000596,0,2,1
6,799.699999988079,1,1,1
6,942.09999999404,1,1,1
6,1482,1,1,1
6,922.600000023842,0,2,1
6,840.5,1,2,1
6,1231.39999997616,1,2,1
6,865.300000011921,0,1,1
6,1277.09999999404,1,2,1
6,1216.80000001192,1,1,1
6,1425.69999998808,1,2,1
6,1254.70000001788,0,0,0
6,994.5,1,2,2
6,874.600000023842,1,1,2
6,822,1,2,1
6,880.40000000596,1,2,2
6,888.5,1,2,2
6,1352.59999999404,0,2,1
6,796.09999999404,1,0,0
6,777.699999988079,1,1,1
6,1025.70000001788,1,2,1
6,913.699999988079,1,1,2
6,1626.09999999404,1,0,0
6,903.199999988079,1,1,1
6,952,1,2,1
6,744.800000011921,1,2,1
6,801.699999988079,1,0,0
6,1748.59999999404,1,1,1
6,808.699999988079,1,0,0
6,1322.40000000596,1,2,1
6,1785.79999998212,0,2,1
6,769.5,1,1,1
6,833.199999988079,1,2,1
6,736.800000011921,1,2,1
6,548,1,0,0
6,666.09999999404,1,1,1
6,721,1,0,0
6,698.799999982119,1,0,0
6,807.90000000596,1,2,2
6,760.300000011921,1,0,0
6,431.300000011921,1,1,2
6,664.40000000596,1,1,1
6,616.5,1,1,1
6,1378.09999999404,0,2,1
6,657.300000011921,0,2,2
6,895.59999999404,1,2,1
6,425,1,2,1
6,616.5,1,1,1
6,504.90000000596,1,2,1
6,597.299999982119,1,0,0
6,660,0,0,0
6,1094.69999998808,0,0,0
6,555.59999999404,1,1,1
6,479,1,1,1
6,437,1,1,1
6,652.199999988079,1,0,0
6,513.200000017881,1,2,1
6,872.800000011921,1,0,0
6,713.90000000596,0,2,2
6,585.59999999404,1,1,1
6,832.09999999404,1,2,1
6,825.40000000596,1,0,0
6,551.799999982119,1,1,2
6,569.59999999404,1,0,0
6,1016.09999999404,0,2,1
6,486.700000017881,1,2,1
6,392.299999982119,1,1,2
6,600.59999999404,1,2,1
6,656.199999988079,1,1,1
6,704.800000011921,1,2,2
6,936.800000011921,1,1,1
6,582.5,0,1,1
6,675.600000023842,1,1,2
6,505.100000023842,1,2,1
6,511.5,1,2,1
6,665.399999976158,1,0,0
6,425.799999982119,1,1,1
6,662.700000017881,1,2,1
6,609.59999999404,1,1,1
6,425.600000023842,1,0,0
6,569.59999999404,0,0,0
6,467,0,1,1
6,666.799999982119,1,1,1
6,524.699999988079,0,2,1
6,638.399999976158,1,2,1
6,625.199999988079,1,1,1
6,610.40000000596,1,1,1
6,672.90000000596,1,1,1
6,479.5,1,2,1
6,534.09999999404,1,0,0
6,475.300000011921,1,2,1
6,670.40000000596,1,2,2
6,463.59999999404,0,2,1
6,536.59999999404,1,2,1
6,747.699999988079,0,2,1
6,727.300000011921,1,2,1
6,582.199999988079,1,2,1
6,591.300000011921,1,1,1
6,553,1,1,1
6,410.199999988079,1,0,0
6,639,1,0,0
6,390.699999988079,1,2,1
6,527.699999988079,1,1,1
6,488.09999999404,0,2,1
6,527.5,1,1,1
6,759.199999988079,1,0,0
6,623,1,1,2
6,422.09999999404,1,0,0
6,668.600000023842,1,2,1
6,663.300000011921,1,1,1
6,615.199999988079,1,0,0
6,701.200000017881,1,1,1
6,718.09999999404,1,1,1
6,649.199999988079,1,1,1
6,800.5,0,2,2
6,642.300000011921,1,0,0
6,512.800000011921,1,0,0
6,805.100000023842,1,0,0
6,472,1,1,1
6,519.600000023842,0,1,1
6,748.5,1,0,0
6,638.59999999404,1,0,0
6,638.90000000596,0,1,1
6,683.399999976158,1,2,1
6,579.59999999404,1,0,0
6,530.699999988079,1,0,0
6,766.200000017881,1,2,1
6,517.59999999404,1,1,2
6,696.09999999404,1,2,2
6,422.5,1,0,0
6,751.799999982119,0,1,1
6,871.40000000596,1,1,1
6,542.199999988079,1,2,1
6,784.90000000596,1,1,1
6,742.300000011921,1,2,1
6,751.600000023842,0,1,1
6,607.799999982119,1,2,1
6,456.5,1,2,2
6,712.90000000596,1,1,1
6,680.399999976158,1,2,1
6,709.800000011921,1,1,1
6,582,1,1,1
6,518.200000017881,1,2,1
6,510.199999988079,1,1,2
6,724.300000011921,1,0,0
6,471.299999982119,1,2,2
6,543.100000023842,1,1,1
6,533.5,1,2,1
6,564.90000000596,1,0,0
6,458.59999999404,1,2,2
6,768.5,1,0,0
6,535.200000017881,1,0,0
6,648.59999999404,1,1,1
6,775.09999999404,1,1,1
6,637.300000011921,1,1,1
6,728.200000017881,1,0,0
6,614.800000011921,1,0,0
6,526.09999999404,1,1,1
6,542.699999988079,1,1,1
6,518.5,1,1,1
6,614.59999999404,1,2,1
6,550,1,0,0
6,611,1,2,1
6,622.90000000596,1,1,2
6,543,1,0,0
6,682.699999988079,1,0,0
6,509,1,1,1
6,416.59999999404,1,2,2
6,749.699999988079,0,2,1
6,613.399999976158,1,1,1
6,685.300000011921,1,1,1
6,590.699999988079,1,2,1
6,430.300000011921,1,2,1
6,623.09999999404,0,1,1
6,502.100000023842,1,1,2
6,445.90000000596,1,0,0
6,591.799999982119,1,2,1
6,570.699999988079,1,2,1
6,621.899999976158,1,1,1
6,472,1,1,1
6,576,1,0,0
6,545.200000017881,1,0,0
6,518.5,1,0,0
6,567.300000011921,1,2,2
6,591.199999988079,1,0,0
6,565.09999999404,0,1,2
6,602.09999999404,1,2,1
6,782.800000011921,1,0,0
6,686.09999999404,0,0,0
6,503.09999999404,1,2,1
6,662.800000011921,0,2,1
6,582.799999982119,1,0,0
6,523.90000000596,1,1,1
6,615,0,2,2
6,580.199999988079,1,2,1
6,795.899999976158,1,2,1
6,542.90000000596,1,2,1
6,422,1,0,0
6,509.600000023842,1,1,1
6,767,1,0,0
6,605,1,1,1
6,633.5,0,1,1
6,602.09999999404,1,0,0
6,687.300000011921,1,2,1
6,620.40000000596,1,1,1
6,509,1,1,1
6,556.300000011921,1,2,2
6,733.40000000596,1,2,1
6,501.800000011921,1,1,2
6,782.600000023842,0,2,1
6,540,1,1,1
6,555.899999976158,1,0,0
6,579.5,0,1,1
6,551,1,0,0
6,513.40000000596,1,1,1
6,774.699999988079,0,1,1
6,476.90000000596,1,2,1
6,500.40000000596,1,1,1
6,448.5,1,1,2
6,504,1,2,1
6,579.59999999404,1,2,1
6,604.700000017881,1,0,0
6,396.5,1,2,1
6,577.300000011921,0,1,2
6,572.800000011921,1,0,0
